datetime,granularity,style,variation,model,n_samples,precision,recall,micro_f1,macro_f1,result_file,f1_building,f1_location,f1_organization,f1_other,f1_art,f1_person,f1_building-hotel,f1_building-other,f1_location-GPE,f1_organization-showorganization,f1_product-airplane,f1_person-artist/author,f1_art-music,f1_person-other,f1_event,f1_product,f1_art-other,f1_event-sportsevent,f1_location-park,f1_organization-other,f1_product-other,f1_product-ship,f1_product-weapon,f1_person-soldier,f1_other-astronomything,f1_organization-sportsleague,f1_organization-sportsteam,f1_art-film,f1_building-restaurant,f1_person-actor,f1_building-sportsfacility,f1_organization-company,f1_organization-government/governmentagency
2026-02-10 14:06:31,coarse,pl,v0_original,falcon3:latest,1,1.0,0.5,0.6667,0.5556,coarse_pl_v0_original_falcon3:latest_20260210_140627.json,,,,,,,,,,,,,,,,,,,,,,,,,,,,,,,,,
2026-02-10 14:06:32,coarse,pl,lexical_substitution,falcon3:latest,1,1.0,0.75,0.8571,0.8889,coarse_pl_lexical_substitution_falcon3:latest_20260210_140631.json,,,,,,,,,,,,,,,,,,,,,,,,,,,,,,,,,
2026-02-10 14:06:33,coarse,pl,reodering,falcon3:latest,1,1.0,0.75,0.8571,0.8889,coarse_pl_reodering_falcon3:latest_20260210_140632.json,,,,,,,,,,,,,,,,,,,,,,,,,,,,,,,,,
2026-02-10 14:06:34,coarse,pl,sentence_reordering,falcon3:latest,1,1.0,0.75,0.8571,0.8889,coarse_pl_sentence_reordering_falcon3:latest_20260210_140633.json,,,,,,,,,,,,,,,,,,,,,,,,,,,,,,,,,
2026-02-10 14:06:35,coarse,pl,backtrans_ch,falcon3:latest,1,1.0,0.75,0.8571,0.8889,coarse_pl_backtrans_ch_falcon3:latest_20260210_140634.json,,,,,,,,,,,,,,,,,,,,,,,,,,,,,,,,,
2026-02-10 14:06:36,coarse,pl,backtrans_sp,falcon3:latest,1,1.0,0.75,0.8571,0.8889,coarse_pl_backtrans_sp_falcon3:latest_20260210_140635.json,,,,,,,,,,,,,,,,,,,,,,,,,,,,,,,,,
2026-02-10 14:06:37,coarse,pl,backtrans_tu,falcon3:latest,1,1.0,0.75,0.8571,0.8889,coarse_pl_backtrans_tu_falcon3:latest_20260210_140636.json,,,,,,,,,,,,,,,,,,,,,,,,,,,,,,,,,
2026-02-10 14:06:38,coarse,nl,v0_original,falcon3:latest,1,0.0,0.0,0.0,0.0,coarse_nl_v0_original_falcon3:latest_20260210_140638.json,,,,,,,,,,,,,,,,,,,,,,,,,,,,,,,,,
2026-02-10 14:06:38,coarse,nl,lexical_substitution,falcon3:latest,1,0.0,0.0,0.0,0.0,coarse_nl_lexical_substitution_falcon3:latest_20260210_140638.json,,,,,,,,,,,,,,,,,,,,,,,,,,,,,,,,,
2026-02-10 14:06:39,coarse,nl,reodering,falcon3:latest,1,0.0,0.0,0.0,0.0,coarse_nl_reodering_falcon3:latest_20260210_140638.json,,,,,,,,,,,,,,,,,,,,,,,,,,,,,,,,,
2026-02-10 14:06:39,coarse,nl,sentence_reordering,falcon3:latest,1,0.0,0.0,0.0,0.0,coarse_nl_sentence_reordering_falcon3:latest_20260210_140639.json,,,,,,,,,,,,,,,,,,,,,,,,,,,,,,,,,
2026-02-10 14:06:40,coarse,nl,backtrans_ch,falcon3:latest,1,0.0,0.0,0.0,0.0,coarse_nl_backtrans_ch_falcon3:latest_20260210_140639.json,,,,,,,,,,,,,,,,,,,,,,,,,,,,,,,,,
2026-02-10 14:06:41,coarse,nl,backtrans_sp,falcon3:latest,1,1.0,0.25,0.4,0.3333,coarse_nl_backtrans_sp_falcon3:latest_20260210_140640.json,,,,,,,,,,,,,,,,,,,,,,,,,,,,,,,,,
2026-02-10 14:06:41,coarse,nl,backtrans_tu,falcon3:latest,1,0.0,0.0,0.0,0.0,coarse_nl_backtrans_tu_falcon3:latest_20260210_140641.json,,,,,,,,,,,,,,,,,,,,,,,,,,,,,,,,,
2026-02-10 14:06:43,fine,pl,v0_original,falcon3:latest,1,0.0,0.0,0.0,0.0,fine_pl_v0_original_falcon3:latest_20260210_140641.json,,,,,,,,,,,,,,,,,,,,,,,,,,,,,,,,,
2026-02-10 14:06:45,fine,pl,lexical_substitution,falcon3:latest,1,0.0,0.0,0.0,0.0,fine_pl_lexical_substitution_falcon3:latest_20260210_140643.json,,,,,,,,,,,,,,,,,,,,,,,,,,,,,,,,,
2026-02-10 14:06:47,fine,pl,reodering,falcon3:latest,1,0.0,0.0,0.0,0.0,fine_pl_reodering_falcon3:latest_20260210_140645.json,,,,,,,,,,,,,,,,,,,,,,,,,,,,,,,,,
2026-02-10 14:06:49,fine,pl,sentence_reordering,falcon3:latest,1,0.0,0.0,0.0,0.0,fine_pl_sentence_reordering_falcon3:latest_20260210_140647.json,,,,,,,,,,,,,,,,,,,,,,,,,,,,,,,,,
2026-02-10 14:06:51,fine,pl,backtrans_ch,falcon3:latest,1,0.0,0.0,0.0,0.0,fine_pl_backtrans_ch_falcon3:latest_20260210_140649.json,,,,,,,,,,,,,,,,,,,,,,,,,,,,,,,,,
2026-02-10 14:06:52,fine,pl,backtrans_sp,falcon3:latest,1,0.0,0.0,0.0,0.0,fine_pl_backtrans_sp_falcon3:latest_20260210_140651.json,,,,,,,,,,,,,,,,,,,,,,,,,,,,,,,,,
2026-02-10 14:06:54,fine,pl,backtrans_tu,falcon3:latest,1,0.0,0.0,0.0,0.0,fine_pl_backtrans_tu_falcon3:latest_20260210_140652.json,,,,,,,,,,,,,,,,,,,,,,,,,,,,,,,,,
2026-02-10 14:06:55,fine,nl,v0_original,falcon3:latest,1,0.0,0.0,0.0,0.0,fine_nl_v0_original_falcon3:latest_20260210_140654.json,,,,,,,,,,,,,,,,,,,,,,,,,,,,,,,,,
2026-02-10 14:06:57,fine,nl,lexical_substitution,falcon3:latest,1,0.0,0.0,0.0,0.0,fine_nl_lexical_substitution_falcon3:latest_20260210_140655.json,,,,,,,,,,,,,,,,,,,,,,,,,,,,,,,,,
2026-02-10 14:06:58,fine,nl,reodering,falcon3:latest,1,0.0,0.0,0.0,0.0,fine_nl_reodering_falcon3:latest_20260210_140657.json,,,,,,,,,,,,,,,,,,,,,,,,,,,,,,,,,
2026-02-10 14:06:59,fine,nl,sentence_reordering,falcon3:latest,1,0.0,0.0,0.0,0.0,fine_nl_sentence_reordering_falcon3:latest_20260210_140658.json,,,,,,,,,,,,,,,,,,,,,,,,,,,,,,,,,
2026-02-10 14:07:01,fine,nl,backtrans_ch,falcon3:latest,1,0.0,0.0,0.0,0.0,fine_nl_backtrans_ch_falcon3:latest_20260210_140659.json,,,,,,,,,,,,,,,,,,,,,,,,,,,,,,,,,
2026-02-10 14:07:07,fine,nl,backtrans_sp,falcon3:latest,1,0.0,0.0,0.0,0.0,fine_nl_backtrans_sp_falcon3:latest_20260210_140701.json,,,,,,,,,,,,,,,,,,,,,,,,,,,,,,,,,
2026-02-10 14:07:08,fine,nl,backtrans_tu,falcon3:latest,1,0.0,0.0,0.0,0.0,fine_nl_backtrans_tu_falcon3:latest_20260210_140707.json,,,,,,,,,,,,,,,,,,,,,,,,,,,,,,,,,
2026-02-10 16:07:17,coarse,pl,v0_original,qwen2.5:7b,1,0.6667,0.5,0.5714,0.3333,coarse_pl_v0_original_qwen2.5:7b_20260210_160713.json,1.0,0.0,0.0,0.0,,,,,,,,,,,,,,,,,,,,,,,,,,,,,
2026-02-10 16:07:18,coarse,pl,lexical_substitution,qwen2.5:7b,1,0.6667,0.5,0.5714,0.3333,coarse_pl_lexical_substitution_qwen2.5:7b_20260210_160717.json,1.0,0.0,0.0,,0.0,,,,,,,,,,,,,,,,,,,,,,,,,,,,
2026-02-10 16:07:18,coarse,pl,reodering,qwen2.5:7b,1,0.6667,0.5,0.5714,0.3333,coarse_pl_reodering_qwen2.5:7b_20260210_160718.json,1.0,0.0,0.0,,0.0,,,,,,,,,,,,,,,,,,,,,,,,,,,,
2026-02-10 16:07:19,coarse,pl,sentence_reordering,qwen2.5:7b,1,0.5,0.25,0.3333,0.2222,coarse_pl_sentence_reordering_qwen2.5:7b_20260210_160719.json,0.6667,0.0,0.0,0.0,,,,,,,,,,,,,,,,,,,,,,,,,,,,,
2026-02-10 16:07:20,coarse,pl,backtrans_ch,qwen2.5:7b,1,1.0,0.75,0.8571,0.6667,coarse_pl_backtrans_ch_qwen2.5:7b_20260210_160719.json,1.0,0.0,1.0,,,,,,,,,,,,,,,,,,,,,,,,,,,,,,
2026-02-10 16:07:21,coarse,pl,backtrans_sp,qwen2.5:7b,1,1.0,0.75,0.8571,0.6667,coarse_pl_backtrans_sp_qwen2.5:7b_20260210_160720.json,1.0,0.0,1.0,,,,,,,,,,,,,,,,,,,,,,,,,,,,,,
2026-02-10 16:07:22,coarse,pl,backtrans_tu,qwen2.5:7b,1,1.0,0.75,0.8571,0.6667,coarse_pl_backtrans_tu_qwen2.5:7b_20260210_160721.json,1.0,0.0,1.0,,,,,,,,,,,,,,,,,,,,,,,,,,,,,,
2026-02-10 16:07:22,coarse,nl,v0_original,qwen2.5:7b,1,1.0,0.75,0.8571,0.8889,coarse_nl_v0_original_qwen2.5:7b_20260210_160722.json,0.6667,1.0,1.0,,,,,,,,,,,,,,,,,,,,,,,,,,,,,,
2026-02-10 16:07:23,coarse,nl,lexical_substitution,qwen2.5:7b,1,0.0,0.0,0.0,0.0,coarse_nl_lexical_substitution_qwen2.5:7b_20260210_160722.json,0.0,0.0,0.0,,0.0,0.0,,,,,,,,,,,,,,,,,,,,,,,,,,,
2026-02-10 16:07:24,coarse,nl,reodering,qwen2.5:7b,1,0.3333,0.25,0.2857,0.3333,coarse_nl_reodering_qwen2.5:7b_20260210_160723.json,0.0,1.0,0.0,,,0.0,,,,,,,,,,,,,,,,,,,,,,,,,,,
2026-02-10 16:07:25,coarse,nl,sentence_reordering,qwen2.5:7b,1,0.0,0.0,0.0,0.0,coarse_nl_sentence_reordering_qwen2.5:7b_20260210_160724.json,0.0,0.0,0.0,,0.0,0.0,,,,,,,,,,,,,,,,,,,,,,,,,,,
2026-02-10 16:07:25,coarse,nl,backtrans_ch,qwen2.5:7b,1,0.0,0.0,0.0,0.0,coarse_nl_backtrans_ch_qwen2.5:7b_20260210_160725.json,0.0,0.0,0.0,,,,,,,,,,,,,,,,,,,,,,,,,,,,,,
2026-02-10 16:07:27,coarse,nl,backtrans_sp,qwen2.5:7b,1,0.0,0.0,0.0,0.0,coarse_nl_backtrans_sp_qwen2.5:7b_20260210_160725.json,0.0,0.0,0.0,,0.0,0.0,,,,,,,,,,,,,,,,,,,,,,,,,,,
2026-02-10 16:07:27,coarse,nl,backtrans_tu,qwen2.5:7b,1,0.0,0.0,0.0,0.0,coarse_nl_backtrans_tu_qwen2.5:7b_20260210_160727.json,0.0,0.0,0.0,,,,,,,,,,,,,,,,,,,,,,,,,,,,,,
2026-02-10 16:07:29,fine,pl,v0_original,qwen2.5:7b,1,0.0,0.0,0.0,0.0,fine_pl_v0_original_qwen2.5:7b_20260210_160727.json,,,,,,,0.0,0.0,0.0,0.0,,,,,,,,,,,,,,,,,,,,,,,
2026-02-10 16:07:30,fine,pl,lexical_substitution,qwen2.5:7b,1,0.5,0.25,0.3333,0.25,fine_pl_lexical_substitution_qwen2.5:7b_20260210_160729.json,,,,,,,1.0,0.0,0.0,0.0,0.0,,,,,,,,,,,,,,,,,,,,,,
2026-02-10 16:07:32,fine,pl,reodering,qwen2.5:7b,1,0.0,0.0,0.0,0.0,fine_pl_reodering_qwen2.5:7b_20260210_160731.json,,,,,,,0.0,0.0,0.0,0.0,,,,,,,,,,,,,,,,,,,,,,,
2026-02-10 16:07:34,fine,pl,sentence_reordering,qwen2.5:7b,1,0.0,0.0,0.0,0.0,fine_pl_sentence_reordering_qwen2.5:7b_20260210_160732.json,,,,,,,0.0,0.0,0.0,0.0,,,,,,,,,,,,,,,,,,,,,,,
2026-02-10 16:07:35,fine,pl,backtrans_ch,qwen2.5:7b,1,0.0,0.0,0.0,0.0,fine_pl_backtrans_ch_qwen2.5:7b_20260210_160734.json,,,,,,,0.0,0.0,0.0,0.0,,,,,,,,,,,,,,,,,,,,,,,
2026-02-10 16:07:37,fine,pl,backtrans_sp,qwen2.5:7b,1,0.0,0.0,0.0,0.0,fine_pl_backtrans_sp_qwen2.5:7b_20260210_160735.json,,,,,,,0.0,0.0,0.0,0.0,,,,,,,,,,,,,,,,,,,,,,,
2026-02-10 16:07:38,fine,pl,backtrans_tu,qwen2.5:7b,1,0.0,0.0,0.0,0.0,fine_pl_backtrans_tu_qwen2.5:7b_20260210_160737.json,,,,,,,0.0,0.0,0.0,0.0,,,,,,,,,,,,,,,,,,,,,,,
2026-02-10 16:07:39,fine,nl,v0_original,qwen2.5:7b,1,1.0,0.25,0.4,0.25,fine_nl_v0_original_qwen2.5:7b_20260210_160738.json,,,,,,,1.0,0.0,0.0,0.0,,,,,,,,,,,,,,,,,,,,,,,
2026-02-10 16:07:41,fine,nl,lexical_substitution,qwen2.5:7b,1,0.5,0.25,0.3333,0.25,fine_nl_lexical_substitution_qwen2.5:7b_20260210_160739.json,,,,,,,1.0,0.0,0.0,0.0,,0.0,,,,,,,,,,,,,,,,,,,,,
2026-02-10 16:07:43,fine,nl,reodering,qwen2.5:7b,1,0.0,0.0,0.0,0.0,fine_nl_reodering_qwen2.5:7b_20260210_160741.json,,,,,,,0.0,0.0,0.0,0.0,,,,,,,,,,,,,,,,,,,,,,,
2026-02-10 16:07:45,fine,nl,sentence_reordering,qwen2.5:7b,1,0.5,0.25,0.3333,0.25,fine_nl_sentence_reordering_qwen2.5:7b_20260210_160743.json,,,,,,,1.0,0.0,0.0,0.0,,0.0,,,,,,,,,,,,,,,,,,,,,
2026-02-10 16:07:46,fine,nl,backtrans_ch,qwen2.5:7b,1,0.3333,0.25,0.2857,0.25,fine_nl_backtrans_ch_qwen2.5:7b_20260210_160745.json,,,,,,,1.0,0.0,0.0,0.0,,,0.0,0.0,,,,,,,,,,,,,,,,,,,
2026-02-10 16:07:48,fine,nl,backtrans_sp,qwen2.5:7b,1,0.0,0.0,0.0,0.0,fine_nl_backtrans_sp_qwen2.5:7b_20260210_160746.json,,,,,,,0.0,0.0,0.0,0.0,,,,,,,,,,,,,,,,,,,,,,,
2026-02-10 16:07:50,fine,nl,backtrans_tu,qwen2.5:7b,1,0.0,0.0,0.0,0.0,fine_nl_backtrans_tu_qwen2.5:7b_20260210_160748.json,,,,,,,0.0,0.0,0.0,0.0,,,,,,,,,,,,,,,,,,,,,,,
2026-02-10 16:21:36,coarse,pl,v0_original,qwen2.5:7b,5,0.4444,0.4444,0.4444,0.3278,coarse_pl_v0_original_qwen2.5:7b_20260210_162134.json,0.8,0.0,0.5,0.0,,0.0,,,,,,,,,0.0,0.6667,,,,,,,,,,,,,,,,,
2026-02-10 16:21:39,coarse,pl,lexical_substitution,qwen2.5:7b,5,0.4444,0.4444,0.4444,0.3278,coarse_pl_lexical_substitution_qwen2.5:7b_20260210_162136.json,0.8,0.0,0.5,,0.0,0.0,,,,,,,,,0.0,0.6667,,,,,,,,,,,,,,,,,
2026-02-10 16:21:41,coarse,pl,reodering,qwen2.5:7b,5,0.4444,0.4444,0.4444,0.3278,coarse_pl_reodering_qwen2.5:7b_20260210_162139.json,0.8,0.0,0.5,,0.0,0.0,,,,,,,,,0.0,0.6667,,,,,,,,,,,,,,,,,
2026-02-10 16:21:43,coarse,pl,sentence_reordering,qwen2.5:7b,5,0.375,0.3333,0.3529,0.2778,coarse_pl_sentence_reordering_qwen2.5:7b_20260210_162141.json,0.5,0.0,0.5,0.0,,0.0,,,,,,,,,0.0,0.6667,,,,,,,,,,,,,,,,,
2026-02-10 16:21:45,coarse,pl,backtrans_ch,qwen2.5:7b,5,0.625,0.5556,0.5882,0.4333,coarse_pl_backtrans_ch_qwen2.5:7b_20260210_162143.json,0.8,0.0,0.8,,,0.0,,,,,,,,,0.0,1.0,,,,,,,,,,,,,,,,,
2026-02-10 16:21:48,coarse,pl,backtrans_sp,qwen2.5:7b,5,0.5556,0.5556,0.5556,0.3778,coarse_pl_backtrans_sp_qwen2.5:7b_20260210_162145.json,0.8,0.0,0.8,,,0.0,,,,,,,,,0.0,0.6667,,,,,,,,,,,,,,,,,
2026-02-10 16:21:50,coarse,pl,backtrans_tu,qwen2.5:7b,5,0.625,0.5556,0.5882,0.4333,coarse_pl_backtrans_tu_qwen2.5:7b_20260210_162148.json,0.8,0.0,0.8,,,0.0,,,,,,,,,0.0,1.0,,,,,,,,,,,,,,,,,
2026-02-10 16:21:52,coarse,nl,v0_original,qwen2.5:7b,5,0.3125,0.5556,0.4,0.3333,coarse_nl_v0_original_qwen2.5:7b_20260210_162150.json,0.5,1.0,0.5,0.0,0.0,0.0,,,,,,,,,0.0,0.0,,,,,,,,,,,,,,,,,
2026-02-10 16:21:55,coarse,nl,lexical_substitution,qwen2.5:7b,5,0.2,0.2222,0.2105,0.1667,coarse_nl_lexical_substitution_qwen2.5:7b_20260210_162152.json,0.0,0.6667,0.3333,,0.0,0.0,,,,,,,,,0.0,0.0,,,,,,,,,,,,,,,,,
2026-02-10 16:21:57,coarse,nl,reodering,qwen2.5:7b,5,0.25,0.2222,0.2353,0.1389,coarse_nl_reodering_qwen2.5:7b_20260210_162155.json,0.0,0.5,0.3333,,,0.0,,,,,,,,,0.0,0.0,,,,,,,,,,,,,,,,,
2026-02-10 16:22:00,coarse,nl,sentence_reordering,qwen2.5:7b,5,0.1818,0.2222,0.2,0.1389,coarse_nl_sentence_reordering_qwen2.5:7b_20260210_162157.json,0.0,0.5,0.3333,,0.0,0.0,,,,,,,,,0.0,0.0,,,,,,,,,,,,,,,,,
2026-02-10 16:22:02,coarse,nl,backtrans_ch,qwen2.5:7b,5,0.5,0.3333,0.4,0.3611,coarse_nl_backtrans_ch_qwen2.5:7b_20260210_162200.json,0.0,0.6667,0.5,0.0,,0.0,,,,,,,,,0.0,1.0,,,,,,,,,,,,,,,,,
2026-02-10 16:22:04,coarse,nl,backtrans_sp,qwen2.5:7b,5,0.2,0.2222,0.2105,0.1667,coarse_nl_backtrans_sp_qwen2.5:7b_20260210_162202.json,0.0,0.6667,0.3333,,0.0,0.0,,,,,,,,,0.0,0.0,,,,,,,,,,,,,,,,,
2026-02-10 16:22:06,coarse,nl,backtrans_tu,qwen2.5:7b,5,0.1111,0.1111,0.1111,0.0833,coarse_nl_backtrans_tu_qwen2.5:7b_20260210_162204.json,0.0,0.0,0.5,0.0,0.0,0.0,,,,,,,,,0.0,0.0,,,,,,,,,,,,,,,,,
2026-02-10 16:22:13,fine,pl,v0_original,qwen2.5:7b,5,0.2,0.1111,0.1429,0.1111,fine_pl_v0_original_qwen2.5:7b_20260210_162206.json,,,,,,,1.0,0.0,0.0,0.0,0.0,,,0.0,,,0.0,0.0,0.0,0.0,0.0,,,,,,,,,,,,
2026-02-10 16:22:19,fine,pl,lexical_substitution,qwen2.5:7b,5,0.3333,0.1111,0.1667,0.0741,fine_pl_lexical_substitution_qwen2.5:7b_20260210_162213.json,,,,,,,0.6667,0.0,0.0,0.0,0.0,,,0.0,,,,0.0,0.0,0.0,0.0,,,,,,,,,,,,
2026-02-10 16:22:25,fine,pl,reodering,qwen2.5:7b,5,0.5,0.2222,0.3077,0.1852,fine_pl_reodering_qwen2.5:7b_20260210_162219.json,,,,,,,1.0,0.0,0.0,0.0,,,0.0,0.0,,,,0.0,0.6667,0.0,0.0,,,,,,,,,,,,
2026-02-10 16:22:31,fine,pl,sentence_reordering,qwen2.5:7b,5,0.1429,0.1111,0.125,0.1111,fine_pl_sentence_reordering_qwen2.5:7b_20260210_162225.json,,,,,,,1.0,0.0,0.0,0.0,0.0,,,0.0,,,0.0,0.0,0.0,0.0,0.0,0.0,0.0,,,,,,,,,,
2026-02-10 16:22:38,fine,pl,backtrans_ch,qwen2.5:7b,5,0.2,0.1111,0.1429,0.1111,fine_pl_backtrans_ch_qwen2.5:7b_20260210_162231.json,,,,,,,1.0,0.0,0.0,0.0,,,,0.0,,,,0.0,0.0,0.0,0.0,0.0,,0.0,,,,,,,,,
2026-02-10 16:22:44,fine,pl,backtrans_sp,qwen2.5:7b,5,0.1111,0.1111,0.1111,0.1111,fine_pl_backtrans_sp_qwen2.5:7b_20260210_162238.json,,,,,,,1.0,0.0,0.0,0.0,0.0,,,0.0,,,0.0,0.0,0.0,0.0,0.0,0.0,,,0.0,,,,,,,,
2026-02-10 16:22:51,fine,pl,backtrans_tu,qwen2.5:7b,5,0.2,0.1111,0.1429,0.1111,fine_pl_backtrans_tu_qwen2.5:7b_20260210_162244.json,,,,,,,1.0,0.0,0.0,0.0,0.0,,,0.0,,,0.0,0.0,0.0,0.0,0.0,,,,,,,,,,,,
2026-02-10 16:22:54,fine,nl,v0_original,qwen2.5:7b,5,0.4,0.2222,0.2857,0.2222,fine_nl_v0_original_qwen2.5:7b_20260210_162251.json,,,,,,,1.0,0.0,0.0,0.0,,,,0.0,,,,0.0,1.0,0.0,0.0,0.0,,0.0,,0.0,,,,,,,
2026-02-10 16:22:57,fine,nl,lexical_substitution,qwen2.5:7b,5,0.3333,0.2222,0.2667,0.2222,fine_nl_lexical_substitution_qwen2.5:7b_20260210_162254.json,,,,,,,1.0,0.0,0.0,0.0,,0.0,,0.0,,,,0.0,1.0,0.0,0.0,0.0,,0.0,,,0.0,,,,,,
2026-02-10 16:23:02,fine,nl,reodering,qwen2.5:7b,5,0.0909,0.1111,0.1,0.1111,fine_nl_reodering_qwen2.5:7b_20260210_162257.json,,,,,,,0.0,0.0,0.0,0.0,0.0,0.0,,0.0,,,,0.0,1.0,0.0,0.0,0.0,,0.0,,0.0,0.0,0.0,0.0,,,,
2026-02-10 16:23:06,fine,nl,sentence_reordering,qwen2.5:7b,5,0.25,0.2222,0.2353,0.2222,fine_nl_sentence_reordering_qwen2.5:7b_20260210_162302.json,,,,,,,1.0,0.0,0.0,0.0,,0.0,,0.0,,,,0.0,1.0,0.0,0.0,,,0.0,,0.0,0.0,,,,,,
2026-02-10 16:23:09,fine,nl,backtrans_ch,qwen2.5:7b,5,0.375,0.3333,0.3529,0.3333,fine_nl_backtrans_ch_qwen2.5:7b_20260210_162306.json,,,,,,,1.0,0.0,0.0,0.0,0.0,,0.0,0.0,,,,0.0,1.0,1.0,0.0,,,,,0.0,,,,0.0,,,
2026-02-10 16:23:14,fine,nl,backtrans_sp,qwen2.5:7b,5,0.0,0.0,0.0,0.0,fine_nl_backtrans_sp_qwen2.5:7b_20260210_162309.json,,,,,,,0.0,0.0,0.0,0.0,,,,0.0,,,,0.0,0.0,0.0,0.0,,,,,,,,,,,,
2026-02-10 16:23:17,fine,nl,backtrans_tu,qwen2.5:7b,5,0.1429,0.1111,0.125,0.1111,fine_nl_backtrans_tu_qwen2.5:7b_20260210_162314.json,,,,,,,0.0,0.0,0.0,0.0,,,,0.0,,,0.0,0.0,1.0,0.0,0.0,0.0,0.0,0.0,,,0.0,,,,,,
2026-02-10 16:23:20,coarse,pl,v0_original,qwen2.5-coder:7b,5,0.7,0.7778,0.7368,0.6111,coarse_pl_v0_original_qwen2.5-coder:7b_20260210_162317.json,1.0,1.0,1.0,0.0,,0.0,,,,,,,,,0.0,0.6667,,,,,,,,,,,,,,,,,
2026-02-10 16:23:23,coarse,pl,lexical_substitution,qwen2.5-coder:7b,5,0.6364,0.7778,0.7,0.5778,coarse_pl_lexical_substitution_qwen2.5-coder:7b_20260210_162320.json,1.0,1.0,0.8,0.0,,0.0,,,,,,,,,0.0,0.6667,,,,,,,,,,,,,,,,,
2026-02-10 16:23:25,coarse,pl,reodering,qwen2.5-coder:7b,5,0.5,0.5556,0.5263,0.4389,coarse_pl_reodering_qwen2.5-coder:7b_20260210_162323.json,0.8,0.6667,0.5,0.0,,0.0,,,,,,,,,0.0,0.6667,,,,,,,,,,,,,,,,,
2026-02-10 16:23:28,coarse,pl,sentence_reordering,qwen2.5-coder:7b,5,0.75,0.6667,0.7059,0.6111,coarse_pl_sentence_reordering_qwen2.5-coder:7b_20260210_162326.json,1.0,1.0,0.6667,0.0,,0.0,,,,,,,,,0.0,1.0,,,,,,,,,,,,,,,,,
2026-02-10 16:23:30,coarse,pl,backtrans_ch,qwen2.5-coder:7b,5,0.6667,0.6667,0.6667,0.6111,coarse_pl_backtrans_ch_qwen2.5-coder:7b_20260210_162328.json,1.0,1.0,0.6667,0.0,,0.0,,,,,,,,,0.0,1.0,,,,,,,,,,,,,,,,,
2026-02-10 16:23:33,coarse,pl,backtrans_sp,qwen2.5-coder:7b,5,0.6667,0.6667,0.6667,0.6111,coarse_pl_backtrans_sp_qwen2.5-coder:7b_20260210_162330.json,1.0,1.0,0.6667,0.0,,0.0,,,,,,,,,0.0,1.0,,,,,,,,,,,,,,,,,
2026-02-10 16:23:35,coarse,pl,backtrans_tu,qwen2.5-coder:7b,5,0.7778,0.7778,0.7778,0.6667,coarse_pl_backtrans_tu_qwen2.5-coder:7b_20260210_162333.json,1.0,1.0,1.0,0.0,,0.0,,,,,,,,,0.0,1.0,,,,,,,,,,,,,,,,,
2026-02-10 16:23:36,coarse,nl,v0_original,qwen2.5-coder:7b,5,0.4,0.2222,0.2857,0.1944,coarse_nl_v0_original_qwen2.5-coder:7b_20260210_162335.json,0.5,0.0,0.6667,0.0,,0.0,,,,,,,,,0.0,0.0,,,,,,,,,,,,,,,,,
2026-02-10 16:23:37,coarse,nl,lexical_substitution,qwen2.5-coder:7b,5,0.2,0.1111,0.1429,0.1111,coarse_nl_lexical_substitution_qwen2.5-coder:7b_20260210_162336.json,0.0,0.0,0.6667,0.0,,0.0,,,,,,,,,0.0,0.0,,,,,,,,,,,,,,,,,
2026-02-10 16:23:38,coarse,nl,reodering,qwen2.5-coder:7b,5,0.2,0.1111,0.1429,0.0833,coarse_nl_reodering_qwen2.5-coder:7b_20260210_162337.json,0.0,0.0,0.5,0.0,,0.0,,,,,,,,,0.0,0.0,,,,,,,,,,,,,,,,,
2026-02-10 16:23:39,coarse,nl,sentence_reordering,qwen2.5-coder:7b,5,0.4,0.2222,0.2857,0.1944,coarse_nl_sentence_reordering_qwen2.5-coder:7b_20260210_162338.json,0.5,0.0,0.6667,0.0,,0.0,,,,,,,,,0.0,0.0,,,,,,,,,,,,,,,,,
2026-02-10 16:23:41,coarse,nl,backtrans_ch,qwen2.5-coder:7b,5,0.4,0.2222,0.2857,0.2222,coarse_nl_backtrans_ch_qwen2.5-coder:7b_20260210_162339.json,0.0,0.6667,0.6667,0.0,,0.0,,,,,,,,,0.0,0.0,,,,,,,,,,,,,,,,,
2026-02-10 16:23:42,coarse,nl,backtrans_sp,qwen2.5-coder:7b,5,0.2,0.1111,0.1429,0.0833,coarse_nl_backtrans_sp_qwen2.5-coder:7b_20260210_162341.json,0.5,0.0,0.0,0.0,,0.0,,,,,,,,,0.0,0.0,,,,,,,,,,,,,,,,,
2026-02-10 16:23:43,coarse,nl,backtrans_tu,qwen2.5-coder:7b,5,0.4286,0.3333,0.375,0.3056,coarse_nl_backtrans_tu_qwen2.5-coder:7b_20260210_162342.json,0.5,0.6667,0.6667,0.0,,0.0,,,,,,,,,0.0,0.0,,,,,,,,,,,,,,,,,
2026-02-10 16:23:50,fine,pl,v0_original,qwen2.5-coder:7b,5,0.0833,0.1111,0.0952,0.0556,fine_pl_v0_original_qwen2.5-coder:7b_20260210_162343.json,,,,,,,0.0,0.0,0.5,0.0,0.0,,,0.0,,,,0.0,0.0,0.0,0.0,0.0,,0.0,0.0,0.0,,,,,,,
2026-02-10 16:23:58,fine,pl,lexical_substitution,qwen2.5-coder:7b,5,0.0,0.0,0.0,0.0,fine_pl_lexical_substitution_qwen2.5-coder:7b_20260210_162351.json,,,,,,,0.0,0.0,0.0,0.0,,,,0.0,,,,0.0,0.0,0.0,0.0,0.0,,0.0,0.0,0.0,,,,,,,
2026-02-10 16:24:05,fine,pl,reodering,qwen2.5-coder:7b,5,0.2727,0.3333,0.3,0.2963,fine_pl_reodering_qwen2.5-coder:7b_20260210_162358.json,,,,,,,0.6667,1.0,1.0,0.0,,,,0.0,,,0.0,0.0,0.0,0.0,0.0,,,,,0.0,,,,0.0,0.0,0.0,
2026-02-10 16:24:13,fine,pl,sentence_reordering,qwen2.5-coder:7b,5,0.1667,0.2222,0.1905,0.1852,fine_pl_sentence_reordering_qwen2.5-coder:7b_20260210_162405.json,,,,,,,0.6667,0.0,1.0,0.0,0.0,,,0.0,,,,0.0,0.0,0.0,0.0,,,0.0,0.0,0.0,,,0.0,,,,
2026-02-10 16:24:20,fine,pl,backtrans_ch,qwen2.5-coder:7b,5,0.0,0.0,0.0,0.0,fine_pl_backtrans_ch_qwen2.5-coder:7b_20260210_162413.json,,,,,,,0.0,0.0,0.0,0.0,0.0,,,0.0,,,,0.0,0.0,0.0,0.0,0.0,,0.0,0.0,0.0,,,,,,0.0,
2026-02-10 16:24:27,fine,pl,backtrans_sp,qwen2.5-coder:7b,5,0.125,0.1111,0.1176,0.1111,fine_pl_backtrans_sp_qwen2.5-coder:7b_20260210_162420.json,,,,,,,0.0,0.0,1.0,0.0,,,,0.0,,,,0.0,0.0,0.0,0.0,,,0.0,0.0,0.0,,,,,,,
2026-02-10 16:24:35,fine,pl,backtrans_tu,qwen2.5-coder:7b,5,0.0,0.0,0.0,0.0,fine_pl_backtrans_tu_qwen2.5-coder:7b_20260210_162427.json,,,,,,,0.0,0.0,0.0,0.0,0.0,,,0.0,,,,0.0,0.0,0.0,0.0,0.0,,0.0,0.0,0.0,,,,,,0.0,
2026-02-10 16:24:37,fine,nl,v0_original,qwen2.5-coder:7b,5,0.6,0.3333,0.4286,0.3333,fine_nl_v0_original_qwen2.5-coder:7b_20260210_162435.json,,,,,,,1.0,0.0,0.0,0.0,,,,0.0,,,,0.0,1.0,1.0,0.0,,,0.0,,,,,,,,,
2026-02-10 16:24:40,fine,nl,lexical_substitution,qwen2.5-coder:7b,5,0.4,0.2222,0.2857,0.2222,fine_nl_lexical_substitution_qwen2.5-coder:7b_20260210_162437.json,,,,,,,1.0,0.0,0.0,0.0,,,,0.0,,,,0.0,0.0,1.0,0.0,,,0.0,,,,,,,0.0,,
2026-02-10 16:24:42,fine,nl,reodering,qwen2.5-coder:7b,5,0.1667,0.1111,0.1333,0.1111,fine_nl_reodering_qwen2.5-coder:7b_20260210_162440.json,,,,,,,0.0,0.0,0.0,0.0,,,,0.0,,,,0.0,1.0,0.0,0.0,0.0,,0.0,,,,,0.0,,,0.0,
2026-02-10 16:24:44,fine,nl,sentence_reordering,qwen2.5-coder:7b,5,0.6,0.3333,0.4286,0.3333,fine_nl_sentence_reordering_qwen2.5-coder:7b_20260210_162442.json,,,,,,,1.0,0.0,0.0,0.0,,,,0.0,,,,0.0,1.0,1.0,0.0,,,0.0,,,,,,,,,
2026-02-10 16:24:48,fine,nl,backtrans_ch,qwen2.5-coder:7b,5,0.4286,0.3333,0.375,0.3333,fine_nl_backtrans_ch_qwen2.5-coder:7b_20260210_162444.json,,,,,,,1.0,0.0,1.0,0.0,,0.0,,0.0,,,,0.0,1.0,0.0,0.0,,,,,0.0,,,,,,,0.0
2026-02-10 16:24:50,fine,nl,backtrans_sp,qwen2.5-coder:7b,5,0.0,0.0,0.0,0.0,fine_nl_backtrans_sp_qwen2.5-coder:7b_20260210_162448.json,,,,,,,0.0,0.0,0.0,0.0,,,,0.0,,,,0.0,0.0,0.0,0.0,,,,,,,,,,,,
2026-02-10 16:24:52,fine,nl,backtrans_tu,qwen2.5-coder:7b,5,0.8,0.4444,0.5714,0.4444,fine_nl_backtrans_tu_qwen2.5-coder:7b_20260210_162450.json,,,,,,,1.0,0.0,0.0,0.0,,,,0.0,,,,1.0,1.0,1.0,0.0,,,0.0,,,,,,,,,
2026-02-10 19:22:38,coarse,pl,v0_original,qwen2.5:7b,4,0.4286,0.375,0.4,0.3,coarse_pl_v0_original_qwen2.5:7b_20260210_192236.json,0.8,0.0,0.0,0.0,,0.0,,,,,,,,,0.0,1.0,,,,,,,,,,,,,,,,,
2026-02-10 19:22:40,coarse,pl,lexical_substitution,qwen2.5:7b,4,0.4286,0.375,0.4,0.3,coarse_pl_lexical_substitution_qwen2.5:7b_20260210_192238.json,0.8,0.0,0.0,,0.0,0.0,,,,,,,,,0.0,1.0,,,,,,,,,,,,,,,,,
2026-02-10 19:22:42,coarse,pl,reodering,qwen2.5:7b,4,0.4286,0.375,0.4,0.3,coarse_pl_reodering_qwen2.5:7b_20260210_192240.json,0.8,0.0,0.0,,0.0,0.0,,,,,,,,,0.0,1.0,,,,,,,,,,,,,,,,,
2026-02-10 19:22:43,coarse,pl,sentence_reordering,qwen2.5:7b,4,0.3333,0.25,0.2857,0.25,coarse_pl_sentence_reordering_qwen2.5:7b_20260210_192242.json,0.5,0.0,0.0,0.0,,0.0,,,,,,,,,0.0,1.0,,,,,,,,,,,,,,,,,
2026-02-10 19:22:45,coarse,pl,backtrans_ch,qwen2.5:7b,4,0.5,0.375,0.4286,0.3,coarse_pl_backtrans_ch_qwen2.5:7b_20260210_192244.json,0.8,0.0,0.0,,,0.0,,,,,,,,,0.0,1.0,,,,,,,,,,,,,,,,,
2026-02-10 19:22:47,coarse,pl,backtrans_sp,qwen2.5:7b,4,0.5714,0.5,0.5333,0.4111,coarse_pl_backtrans_sp_qwen2.5:7b_20260210_192245.json,0.8,0.0,0.6667,,,0.0,,,,,,,,,0.0,1.0,,,,,,,,,,,,,,,,,
2026-02-10 19:22:49,coarse,pl,backtrans_tu,qwen2.5:7b,4,0.4286,0.375,0.4,0.3,coarse_pl_backtrans_tu_qwen2.5:7b_20260210_192247.json,0.8,0.0,0.0,0.0,,0.0,,,,,,,,,0.0,1.0,,,,,,,,,,,,,,,,,
2026-02-10 19:22:50,coarse,nl,v0_original,qwen2.5:7b,4,0.2,0.125,0.1538,0.1111,coarse_nl_v0_original_qwen2.5:7b_20260210_192249.json,0.6667,0.0,0.0,0.0,0.0,0.0,,,,,,,,,0.0,0.0,,,,,,,,,,,,,,,,,
2026-02-10 19:22:52,coarse,nl,lexical_substitution,qwen2.5:7b,4,0.2,0.125,0.1538,0.1111,coarse_nl_lexical_substitution_qwen2.5:7b_20260210_192251.json,0.0,0.6667,0.0,,0.0,0.0,,,,,,,,,0.0,0.0,,,,,,,,,,,,,,,,,
2026-02-10 19:22:53,coarse,nl,reodering,qwen2.5:7b,4,0.1667,0.125,0.1429,0.1111,coarse_nl_reodering_qwen2.5:7b_20260210_192252.json,0.0,0.6667,0.0,0.0,,0.0,,,,,,,,,0.0,0.0,,,,,,,,,,,,,,,,,
2026-02-10 19:22:55,coarse,nl,sentence_reordering,qwen2.5:7b,4,0.2857,0.25,0.2667,0.2778,coarse_nl_sentence_reordering_qwen2.5:7b_20260210_192253.json,0.0,0.6667,0.0,0.0,0.0,0.0,,,,,,,,,0.0,1.0,,,,,,,,,,,,,,,,,
2026-02-10 19:22:57,coarse,nl,backtrans_ch,qwen2.5:7b,4,0.4,0.25,0.3077,0.2778,coarse_nl_backtrans_ch_qwen2.5:7b_20260210_192256.json,0.0,0.6667,0.0,0.0,,0.0,,,,,,,,,0.0,1.0,,,,,,,,,,,,,,,,,
2026-02-10 19:22:58,coarse,nl,backtrans_sp,qwen2.5:7b,4,0.3333,0.125,0.1818,0.1111,coarse_nl_backtrans_sp_qwen2.5:7b_20260210_192257.json,0.0,0.6667,0.0,0.0,,0.0,,,,,,,,,0.0,0.0,,,,,,,,,,,,,,,,,
2026-02-10 19:22:59,coarse,nl,backtrans_tu,qwen2.5:7b,4,0.0,0.0,0.0,0.0,coarse_nl_backtrans_tu_qwen2.5:7b_20260210_192258.json,0.0,0.0,0.0,0.0,0.0,0.0,,,,,,,,,0.0,0.0,,,,,,,,,,,,,,,,,
2026-02-10 19:23:05,fine,pl,v0_original,qwen2.5:7b,4,0.2,0.125,0.1538,0.125,fine_pl_v0_original_qwen2.5:7b_20260210_192259.json,,,,,,,1.0,0.0,0.0,0.0,0.0,,,0.0,,,0.0,0.0,0.0,,0.0,,,,,,,,,,,,
2026-02-10 19:23:10,fine,pl,lexical_substitution,qwen2.5:7b,4,0.3333,0.125,0.1818,0.0833,fine_pl_lexical_substitution_qwen2.5:7b_20260210_192305.json,,,,,,,0.6667,0.0,0.0,0.0,0.0,,,0.0,,,,0.0,0.0,,0.0,,,,,,,,,,,,
2026-02-10 19:23:15,fine,pl,reodering,qwen2.5:7b,4,0.5,0.25,0.3333,0.2083,fine_pl_reodering_qwen2.5:7b_20260210_192310.json,,,,,,,1.0,0.0,0.0,0.0,,,0.0,0.0,,,,0.0,0.6667,,0.0,,,,,,,,,,,,
2026-02-10 19:23:20,fine,pl,sentence_reordering,qwen2.5:7b,4,0.2,0.125,0.1538,0.125,fine_pl_sentence_reordering_qwen2.5:7b_20260210_192315.json,,,,,,,1.0,0.0,0.0,0.0,0.0,,,0.0,,,,0.0,0.0,,0.0,,0.0,,,,,,,,,,
2026-02-10 19:23:26,fine,pl,backtrans_ch,qwen2.5:7b,4,0.25,0.125,0.1667,0.125,fine_pl_backtrans_ch_qwen2.5:7b_20260210_192320.json,,,,,,,1.0,0.0,0.0,0.0,,,,0.0,,,,0.0,0.0,,0.0,,,0.0,,,,,,,,,
2026-02-10 19:23:31,fine,pl,backtrans_sp,qwen2.5:7b,4,0.1667,0.125,0.1429,0.125,fine_pl_backtrans_sp_qwen2.5:7b_20260210_192326.json,,,,,,,1.0,0.0,0.0,0.0,0.0,,,0.0,,,0.0,0.0,0.0,,0.0,,,,,,,,,,,,
2026-02-10 19:23:36,fine,pl,backtrans_tu,qwen2.5:7b,4,0.2,0.125,0.1538,0.125,fine_pl_backtrans_tu_qwen2.5:7b_20260210_192331.json,,,,,,,1.0,0.0,0.0,0.0,0.0,,,0.0,,,0.0,0.0,0.0,,0.0,,,,,,,,,,,,
2026-02-10 19:23:40,fine,nl,v0_original,qwen2.5:7b,4,0.4,0.25,0.3077,0.25,fine_nl_v0_original_qwen2.5:7b_20260210_192337.json,,,,,,,1.0,0.0,0.0,0.0,,0.0,,0.0,,,,0.0,1.0,,0.0,,,0.0,,0.0,,,,,,,
2026-02-10 19:23:43,fine,nl,lexical_substitution,qwen2.5:7b,4,0.4,0.25,0.3077,0.25,fine_nl_lexical_substitution_qwen2.5:7b_20260210_192340.json,,,,,,,1.0,0.0,0.0,0.0,,0.0,,0.0,,,,0.0,1.0,,0.0,,,0.0,,,0.0,,,,,,
2026-02-10 19:23:48,fine,nl,reodering,qwen2.5:7b,4,0.1,0.125,0.1111,0.125,fine_nl_reodering_qwen2.5:7b_20260210_192343.json,,,,,,,0.0,0.0,0.0,0.0,0.0,0.0,,0.0,,,,0.0,1.0,,0.0,,,0.0,,0.0,0.0,0.0,0.0,,,,
2026-02-10 19:23:52,fine,nl,sentence_reordering,qwen2.5:7b,4,0.2857,0.25,0.2667,0.25,fine_nl_sentence_reordering_qwen2.5:7b_20260210_192348.json,,,,,,,1.0,0.0,0.0,0.0,,0.0,,0.0,,,,0.0,1.0,,0.0,,,0.0,,0.0,0.0,,,,,,
2026-02-10 19:23:55,fine,nl,backtrans_ch,qwen2.5:7b,4,0.2857,0.25,0.2667,0.25,fine_nl_backtrans_ch_qwen2.5:7b_20260210_192352.json,,,,,,,1.0,0.0,0.0,0.0,0.0,,0.0,0.0,,,,0.0,1.0,,0.0,,,,,0.0,,,,0.0,,,
2026-02-10 19:23:59,fine,nl,backtrans_sp,qwen2.5:7b,4,0.0,0.0,0.0,0.0,fine_nl_backtrans_sp_qwen2.5:7b_20260210_192355.json,,,,,,,0.0,0.0,0.0,0.0,,,,0.0,,,,0.0,0.0,,0.0,,,,,,,,,,,,
2026-02-10 19:24:02,fine,nl,backtrans_tu,qwen2.5:7b,4,0.1667,0.125,0.1429,0.125,fine_nl_backtrans_tu_qwen2.5:7b_20260210_192359.json,,,,,,,0.0,0.0,0.0,0.0,,,,0.0,,,0.0,0.0,1.0,,0.0,,0.0,0.0,,,0.0,,,,,,
2026-02-10 19:24:04,coarse,pl,v0_original,qwen2.5-coder:7b,4,0.7143,0.625,0.6667,0.5,coarse_pl_v0_original_qwen2.5-coder:7b_20260210_192402.json,1.0,1.0,0.0,0.0,,0.0,,,,,,,,,0.0,1.0,,,,,,,,,,,,,,,,,
2026-02-10 19:24:06,coarse,pl,lexical_substitution,qwen2.5-coder:7b,4,0.75,0.75,0.75,0.6667,coarse_pl_lexical_substitution_qwen2.5-coder:7b_20260210_192404.json,1.0,1.0,1.0,0.0,,0.0,,,,,,,,,0.0,1.0,,,,,,,,,,,,,,,,,
2026-02-10 19:24:09,coarse,pl,reodering,qwen2.5-coder:7b,4,0.4444,0.5,0.4706,0.4111,coarse_pl_reodering_qwen2.5-coder:7b_20260210_192406.json,0.8,0.6667,0.0,0.0,,0.0,,,,,,,,,0.0,1.0,,,,,,,,,,,,,,,,,
2026-02-10 19:24:10,coarse,pl,sentence_reordering,qwen2.5-coder:7b,4,0.7143,0.625,0.6667,0.5,coarse_pl_sentence_reordering_qwen2.5-coder:7b_20260210_192409.json,1.0,1.0,0.0,0.0,,0.0,,,,,,,,,0.0,1.0,,,,,,,,,,,,,,,,,
2026-02-10 19:24:12,coarse,pl,backtrans_ch,qwen2.5-coder:7b,4,0.625,0.625,0.625,0.5,coarse_pl_backtrans_ch_qwen2.5-coder:7b_20260210_192411.json,1.0,1.0,0.0,0.0,,0.0,,,,,,,,,0.0,1.0,,,,,,,,,,,,,,,,,
2026-02-10 19:24:15,coarse,pl,backtrans_sp,qwen2.5-coder:7b,4,0.625,0.625,0.625,0.5,coarse_pl_backtrans_sp_qwen2.5-coder:7b_20260210_192413.json,1.0,1.0,0.0,0.0,,0.0,,,,,,,,,0.0,1.0,,,,,,,,,,,,,,,,,
2026-02-10 19:24:17,coarse,pl,backtrans_tu,qwen2.5-coder:7b,4,0.75,0.75,0.75,0.6667,coarse_pl_backtrans_tu_qwen2.5-coder:7b_20260210_192415.json,1.0,1.0,1.0,0.0,,0.0,,,,,,,,,0.0,1.0,,,,,,,,,,,,,,,,,
2026-02-10 19:24:17,coarse,nl,v0_original,qwen2.5-coder:7b,4,0.25,0.125,0.1667,0.0833,coarse_nl_v0_original_qwen2.5-coder:7b_20260210_192417.json,0.5,0.0,0.0,0.0,,0.0,,,,,,,,,0.0,0.0,,,,,,,,,,,,,,,,,
2026-02-10 19:24:18,coarse,nl,lexical_substitution,qwen2.5-coder:7b,4,0.0,0.0,0.0,0.0,coarse_nl_lexical_substitution_qwen2.5-coder:7b_20260210_192418.json,0.0,0.0,0.0,0.0,,0.0,,,,,,,,,0.0,0.0,,,,,,,,,,,,,,,,,
2026-02-10 19:24:19,coarse,nl,reodering,qwen2.5-coder:7b,4,0.0,0.0,0.0,0.0,coarse_nl_reodering_qwen2.5-coder:7b_20260210_192419.json,0.0,0.0,0.0,0.0,,0.0,,,,,,,,,0.0,0.0,,,,,,,,,,,,,,,,,
2026-02-10 19:24:20,coarse,nl,sentence_reordering,qwen2.5-coder:7b,4,0.25,0.125,0.1667,0.0833,coarse_nl_sentence_reordering_qwen2.5-coder:7b_20260210_192419.json,0.5,0.0,0.0,0.0,,0.0,,,,,,,,,0.0,0.0,,,,,,,,,,,,,,,,,
2026-02-10 19:24:21,coarse,nl,backtrans_ch,qwen2.5-coder:7b,4,0.25,0.125,0.1667,0.1111,coarse_nl_backtrans_ch_qwen2.5-coder:7b_20260210_192420.json,0.0,0.6667,0.0,0.0,,0.0,,,,,,,,,0.0,0.0,,,,,,,,,,,,,,,,,
2026-02-10 19:24:22,coarse,nl,backtrans_sp,qwen2.5-coder:7b,4,0.25,0.125,0.1667,0.0833,coarse_nl_backtrans_sp_qwen2.5-coder:7b_20260210_192421.json,0.5,0.0,0.0,0.0,,0.0,,,,,,,,,0.0,0.0,,,,,,,,,,,,,,,,,
2026-02-10 19:24:23,coarse,nl,backtrans_tu,qwen2.5-coder:7b,4,0.5,0.375,0.4286,0.3611,coarse_nl_backtrans_tu_qwen2.5-coder:7b_20260210_192422.json,0.5,0.6667,1.0,0.0,,0.0,,,,,,,,,0.0,0.0,,,,,,,,,,,,,,,,,
2026-02-10 19:24:29,fine,pl,v0_original,qwen2.5-coder:7b,4,0.1111,0.125,0.1176,0.0625,fine_pl_v0_original_qwen2.5-coder:7b_20260210_192423.json,,,,,,,0.0,0.0,0.5,0.0,0.0,,,0.0,,,,0.0,0.0,,0.0,,,0.0,,0.0,,,,,,,
2026-02-10 19:24:35,fine,pl,lexical_substitution,qwen2.5-coder:7b,4,0.0,0.0,0.0,0.0,fine_pl_lexical_substitution_qwen2.5-coder:7b_20260210_192429.json,,,,,,,0.0,0.0,0.0,0.0,,,,0.0,,,,0.0,0.0,,0.0,,,0.0,0.0,0.0,,,,,,,
2026-02-10 19:24:40,fine,pl,reodering,qwen2.5-coder:7b,4,0.3,0.375,0.3333,0.3333,fine_pl_reodering_qwen2.5-coder:7b_20260210_192435.json,,,,,,,0.6667,1.0,1.0,0.0,,,,0.0,,,0.0,0.0,0.0,,0.0,,,,,0.0,,,,0.0,0.0,,
2026-02-10 19:24:46,fine,pl,sentence_reordering,qwen2.5-coder:7b,4,0.1818,0.25,0.2105,0.2083,fine_pl_sentence_reordering_qwen2.5-coder:7b_20260210_192440.json,,,,,,,0.6667,0.0,1.0,0.0,0.0,,,0.0,,,,0.0,0.0,,0.0,,,0.0,,0.0,,,0.0,,,,
2026-02-10 19:24:52,fine,pl,backtrans_ch,qwen2.5-coder:7b,4,0.0,0.0,0.0,0.0,fine_pl_backtrans_ch_qwen2.5-coder:7b_20260210_192446.json,,,,,,,0.0,0.0,0.0,0.0,0.0,,,0.0,,,,0.0,0.0,,0.0,,,0.0,0.0,0.0,,,,,,,
2026-02-10 19:24:57,fine,pl,backtrans_sp,qwen2.5-coder:7b,4,0.1429,0.125,0.1333,0.125,fine_pl_backtrans_sp_qwen2.5-coder:7b_20260210_192452.json,,,,,,,0.0,0.0,1.0,0.0,,,,0.0,,,,0.0,0.0,,0.0,,,0.0,0.0,0.0,,,,,,,
2026-02-10 19:25:03,fine,pl,backtrans_tu,qwen2.5-coder:7b,4,0.0,0.0,0.0,0.0,fine_pl_backtrans_tu_qwen2.5-coder:7b_20260210_192457.json,,,,,,,0.0,0.0,0.0,0.0,0.0,,,0.0,,,,0.0,0.0,,0.0,,,0.0,0.0,0.0,,,,,,,
2026-02-10 19:25:05,fine,nl,v0_original,qwen2.5-coder:7b,4,0.5,0.25,0.3333,0.25,fine_nl_v0_original_qwen2.5-coder:7b_20260210_192503.json,,,,,,,1.0,0.0,0.0,0.0,,,,0.0,,,,0.0,1.0,,0.0,,,0.0,,,,,,,,,
2026-02-10 19:25:07,fine,nl,lexical_substitution,qwen2.5-coder:7b,4,0.25,0.125,0.1667,0.125,fine_nl_lexical_substitution_qwen2.5-coder:7b_20260210_192505.json,,,,,,,1.0,0.0,0.0,0.0,,,,0.0,,,,0.0,0.0,,0.0,,,0.0,,,,,,,0.0,,
2026-02-10 19:25:08,fine,nl,reodering,qwen2.5-coder:7b,4,0.2,0.125,0.1538,0.125,fine_nl_reodering_qwen2.5-coder:7b_20260210_192507.json,,,,,,,0.0,0.0,0.0,0.0,,,,0.0,,,,0.0,1.0,,0.0,,,0.0,,,,,0.0,,,0.0,
2026-02-10 19:25:10,fine,nl,sentence_reordering,qwen2.5-coder:7b,4,0.5,0.25,0.3333,0.25,fine_nl_sentence_reordering_qwen2.5-coder:7b_20260210_192508.json,,,,,,,1.0,0.0,0.0,0.0,,,,0.0,,,,0.0,1.0,,0.0,,,0.0,,,,,,,,,
2026-02-10 19:25:13,fine,nl,backtrans_ch,qwen2.5-coder:7b,4,0.5,0.375,0.4286,0.375,fine_nl_backtrans_ch_qwen2.5-coder:7b_20260210_192510.json,,,,,,,1.0,0.0,1.0,0.0,,0.0,,0.0,,,,0.0,1.0,,0.0,,,,,0.0,,,,,,,
2026-02-10 19:25:15,fine,nl,backtrans_sp,qwen2.5-coder:7b,4,0.0,0.0,0.0,0.0,fine_nl_backtrans_sp_qwen2.5-coder:7b_20260210_192513.json,,,,,,,0.0,0.0,0.0,0.0,,,,0.0,,,,0.0,0.0,,0.0,,,,,,,,,,,,
2026-02-10 19:25:16,fine,nl,backtrans_tu,qwen2.5-coder:7b,4,0.75,0.375,0.5,0.375,fine_nl_backtrans_tu_qwen2.5-coder:7b_20260210_192515.json,,,,,,,1.0,0.0,0.0,0.0,,,,0.0,,,,1.0,1.0,,0.0,,,0.0,,,,,,,,,
2026-02-10 19:30:37,coarse,pl,lexical_substitution,qwen2.5:7b,4,0.5714,0.5,0.5333,0.4111,coarse_pl_lexical_substitution_qwen2.5:7b_20260210_193030.json,0.8,0.0,0.6667,,,0.0,,,,,,,,,0.0,1.0,,,,,,,,,,,,,,,,,
2026-02-10 19:30:37,coarse,pl,base,qwen2.5:7b,4,0.4286,0.375,0.4,0.3,coarse_pl_v0_original_qwen2.5:7b_20260210_193030.json,0.8,0.0,0.0,0.0,,0.0,,,,,,,,,0.0,1.0,,,,,,,,,,,,,,,,,
2026-02-10 19:30:41,coarse,pl,reodering,qwen2.5:7b,4,0.4286,0.375,0.4,0.3,coarse_pl_reodering_qwen2.5:7b_20260210_193037.json,0.8,0.0,0.0,,0.0,0.0,,,,,,,,,0.0,1.0,,,,,,,,,,,,,,,,,
2026-02-10 19:30:42,coarse,pl,sentence_reordering,qwen2.5:7b,4,0.3333,0.25,0.2857,0.25,coarse_pl_sentence_reordering_qwen2.5:7b_20260210_193037.json,0.5,0.0,0.0,0.0,,0.0,,,,,,,,,0.0,1.0,,,,,,,,,,,,,,,,,
2026-02-10 19:30:45,coarse,pl,backtrans_ch,qwen2.5:7b,4,0.5,0.375,0.4286,0.3,coarse_pl_backtrans_ch_qwen2.5:7b_20260210_193041.json,0.8,0.0,0.0,,,0.0,,,,,,,,,0.0,1.0,,,,,,,,,,,,,,,,,
2026-02-10 19:30:46,coarse,pl,backtrans_sp,qwen2.5:7b,4,0.5714,0.5,0.5333,0.4111,coarse_pl_backtrans_sp_qwen2.5:7b_20260210_193042.json,0.8,0.0,0.6667,,,0.0,,,,,,,,,0.0,1.0,,,,,,,,,,,,,,,,,
2026-02-10 19:30:49,coarse,pl,backtrans_tu,qwen2.5:7b,4,0.4286,0.375,0.4,0.3,coarse_pl_backtrans_tu_qwen2.5:7b_20260210_193045.json,0.8,0.0,0.0,0.0,,0.0,,,,,,,,,0.0,1.0,,,,,,,,,,,,,,,,,
2026-02-10 19:30:50,coarse,nl,base,qwen2.5:7b,4,0.2,0.125,0.1538,0.1111,coarse_nl_v0_original_qwen2.5:7b_20260210_193046.json,0.6667,0.0,0.0,0.0,0.0,0.0,,,,,,,,,0.0,0.0,,,,,,,,,,,,,,,,,
2026-02-10 19:30:52,coarse,nl,lexical_substitution,qwen2.5:7b,4,0.2,0.125,0.1538,0.1111,coarse_nl_lexical_substitution_qwen2.5:7b_20260210_193049.json,0.0,0.6667,0.0,,0.0,0.0,,,,,,,,,0.0,0.0,,,,,,,,,,,,,,,,,
2026-02-10 19:30:52,coarse,nl,reodering,qwen2.5:7b,4,0.1667,0.125,0.1429,0.1111,coarse_nl_reodering_qwen2.5:7b_20260210_193050.json,0.0,0.6667,0.0,0.0,,0.0,,,,,,,,,0.0,0.0,,,,,,,,,,,,,,,,,
2026-02-10 19:30:55,coarse,nl,sentence_reordering,qwen2.5:7b,4,0.2857,0.25,0.2667,0.2778,coarse_nl_sentence_reordering_qwen2.5:7b_20260210_193052.json,0.0,0.6667,0.0,0.0,0.0,0.0,,,,,,,,,0.0,1.0,,,,,,,,,,,,,,,,,
2026-02-10 19:30:56,coarse,nl,backtrans_ch,qwen2.5:7b,4,0.4,0.25,0.3077,0.2778,coarse_nl_backtrans_ch_qwen2.5:7b_20260210_193052.json,0.0,0.6667,0.0,0.0,,0.0,,,,,,,,,0.0,1.0,,,,,,,,,,,,,,,,,
2026-02-10 19:30:59,coarse,nl,backtrans_sp,qwen2.5:7b,4,0.3333,0.125,0.1818,0.1111,coarse_nl_backtrans_sp_qwen2.5:7b_20260210_193055.json,0.0,0.6667,0.0,0.0,,0.0,,,,,,,,,0.0,0.0,,,,,,,,,,,,,,,,,
2026-02-10 19:30:59,coarse,nl,backtrans_tu,qwen2.5:7b,4,0.0,0.0,0.0,0.0,coarse_nl_backtrans_tu_qwen2.5:7b_20260210_193056.json,0.0,0.0,0.0,0.0,0.0,0.0,,,,,,,,,0.0,0.0,,,,,,,,,,,,,,,,,
2026-02-10 19:31:07,fine,pl,base,qwen2.5:7b,4,0.2,0.125,0.1538,0.125,fine_pl_v0_original_qwen2.5:7b_20260210_193059.json,,,,,,,1.0,0.0,0.0,0.0,0.0,,,0.0,,,0.0,0.0,0.0,,0.0,,,,,,,,,,,,
2026-02-10 19:31:08,fine,pl,lexical_substitution,qwen2.5:7b,4,0.3333,0.125,0.1818,0.0833,fine_pl_lexical_substitution_qwen2.5:7b_20260210_193059.json,,,,,,,0.6667,0.0,0.0,0.0,0.0,,,0.0,,,,0.0,0.0,,0.0,,,,,,,,,,,,
2026-02-10 19:31:17,fine,pl,reodering,qwen2.5:7b,4,0.5,0.25,0.3333,0.2083,fine_pl_reodering_qwen2.5:7b_20260210_193107.json,,,,,,,1.0,0.0,0.0,0.0,,,0.0,0.0,,,,0.0,0.6667,,0.0,,,,,,,,,,,,
2026-02-10 19:31:18,fine,pl,sentence_reordering,qwen2.5:7b,4,0.2,0.125,0.1538,0.125,fine_pl_sentence_reordering_qwen2.5:7b_20260210_193109.json,,,,,,,1.0,0.0,0.0,0.0,0.0,,,0.0,,,,0.0,0.0,,0.0,,0.0,,,,,,,,,,
2026-02-10 19:31:26,fine,pl,backtrans_ch,qwen2.5:7b,4,0.25,0.125,0.1667,0.125,fine_pl_backtrans_ch_qwen2.5:7b_20260210_193117.json,,,,,,,1.0,0.0,0.0,0.0,,,,0.0,,,,0.0,0.0,,0.0,,,0.0,,,,,,,,,
2026-02-10 19:31:28,fine,pl,backtrans_sp,qwen2.5:7b,4,0.5,0.125,0.2,0.125,fine_pl_backtrans_sp_qwen2.5:7b_20260210_193118.json,,,,,,,1.0,0.0,0.0,0.0,,,,0.0,,,,0.0,0.0,,0.0,,,,,,,,,,,,
2026-02-10 19:31:37,fine,pl,backtrans_tu,qwen2.5:7b,4,0.2,0.125,0.1538,0.125,fine_pl_backtrans_tu_qwen2.5:7b_20260210_193127.json,,,,,,,1.0,0.0,0.0,0.0,0.0,,,0.0,,,0.0,0.0,0.0,,0.0,,,,,,,,,,,,
2026-02-10 19:31:38,fine,nl,base,qwen2.5:7b,4,0.4,0.25,0.3077,0.25,fine_nl_v0_original_qwen2.5:7b_20260210_193128.json,,,,,,,1.0,0.0,0.0,0.0,,0.0,,0.0,,,,0.0,1.0,,0.0,,,0.0,,0.0,,,,,,,
2026-02-10 19:31:49,fine,nl,lexical_substitution,qwen2.5:7b,4,0.4,0.25,0.3077,0.25,fine_nl_lexical_substitution_qwen2.5:7b_20260210_193137.json,,,,,,,1.0,0.0,0.0,0.0,,0.0,,0.0,,,,0.0,1.0,,0.0,,,0.0,,,0.0,,,,,,
2026-02-10 19:31:50,fine,nl,reodering,qwen2.5:7b,4,0.0909,0.125,0.1053,0.125,fine_nl_reodering_qwen2.5:7b_20260210_193138.json,,,,,,,0.0,0.0,0.0,0.0,0.0,0.0,,0.0,,,,0.0,1.0,,0.0,,,0.0,,0.0,0.0,0.0,0.0,,,,
2026-02-10 19:31:59,fine,nl,sentence_reordering,qwen2.5:7b,4,0.5,0.25,0.3333,0.25,fine_nl_sentence_reordering_qwen2.5:7b_20260210_193149.json,,,,,,,1.0,0.0,0.0,0.0,,0.0,,0.0,,,,0.0,1.0,,0.0,,,0.0,,,,,,,,,
2026-02-10 19:32:01,fine,nl,backtrans_ch,qwen2.5:7b,4,0.2857,0.25,0.2667,0.25,fine_nl_backtrans_ch_qwen2.5:7b_20260210_193150.json,,,,,,,1.0,0.0,0.0,0.0,0.0,,0.0,0.0,,,,0.0,1.0,,0.0,,,,,0.0,,,,0.0,,,
2026-02-10 19:32:10,fine,nl,backtrans_sp,qwen2.5:7b,4,0.0,0.0,0.0,0.0,fine_nl_backtrans_sp_qwen2.5:7b_20260210_193159.json,,,,,,,0.0,0.0,0.0,0.0,,,,0.0,,,,0.0,0.0,,0.0,,,,,,,,,,,,
2026-02-10 19:32:11,fine,nl,backtrans_tu,qwen2.5:7b,4,0.2,0.125,0.1538,0.125,fine_nl_backtrans_tu_qwen2.5:7b_20260210_193201.json,,,,,,,0.0,0.0,0.0,0.0,,,,0.0,,,0.0,0.0,1.0,,0.0,,0.0,0.0,,,,,,,,,
2026-02-10 19:32:16,coarse,pl,base,qwen2.5-coder:7b,4,0.7143,0.625,0.6667,0.5,coarse_pl_v0_original_qwen2.5-coder:7b_20260210_193210.json,1.0,1.0,0.0,0.0,,0.0,,,,,,,,,0.0,1.0,,,,,,,,,,,,,,,,,
2026-02-10 19:32:17,coarse,pl,lexical_substitution,qwen2.5-coder:7b,4,0.75,0.75,0.75,0.6667,coarse_pl_lexical_substitution_qwen2.5-coder:7b_20260210_193211.json,1.0,1.0,1.0,0.0,,0.0,,,,,,,,,0.0,1.0,,,,,,,,,,,,,,,,,
2026-02-10 19:32:21,coarse,pl,reodering,qwen2.5-coder:7b,4,0.5,0.5,0.5,0.4111,coarse_pl_reodering_qwen2.5-coder:7b_20260210_193216.json,0.8,0.6667,0.0,0.0,,0.0,,,,,,,,,0.0,1.0,,,,,,,,,,,,,,,,,
2026-02-10 19:32:21,coarse,pl,sentence_reordering,qwen2.5-coder:7b,4,0.7143,0.625,0.6667,0.5,coarse_pl_sentence_reordering_qwen2.5-coder:7b_20260210_193217.json,1.0,1.0,0.0,0.0,,0.0,,,,,,,,,0.0,1.0,,,,,,,,,,,,,,,,,
2026-02-10 19:32:25,coarse,pl,backtrans_ch,qwen2.5-coder:7b,4,0.625,0.625,0.625,0.5,coarse_pl_backtrans_ch_qwen2.5-coder:7b_20260210_193221.json,1.0,1.0,0.0,0.0,,0.0,,,,,,,,,0.0,1.0,,,,,,,,,,,,,,,,,
2026-02-10 19:32:25,coarse,pl,backtrans_sp,qwen2.5-coder:7b,4,0.7143,0.625,0.6667,0.5,coarse_pl_backtrans_sp_qwen2.5-coder:7b_20260210_193221.json,1.0,1.0,0.0,0.0,,0.0,,,,,,,,,0.0,1.0,,,,,,,,,,,,,,,,,
2026-02-10 19:32:28,coarse,pl,backtrans_tu,qwen2.5-coder:7b,4,0.75,0.75,0.75,0.6667,coarse_pl_backtrans_tu_qwen2.5-coder:7b_20260210_193225.json,1.0,1.0,1.0,0.0,,0.0,,,,,,,,,0.0,1.0,,,,,,,,,,,,,,,,,
2026-02-10 19:32:29,coarse,nl,base,qwen2.5-coder:7b,4,0.25,0.125,0.1667,0.0833,coarse_nl_v0_original_qwen2.5-coder:7b_20260210_193226.json,0.5,0.0,0.0,0.0,,0.0,,,,,,,,,0.0,0.0,,,,,,,,,,,,,,,,,
2026-02-10 19:32:30,coarse,nl,lexical_substitution,qwen2.5-coder:7b,4,0.0,0.0,0.0,0.0,coarse_nl_lexical_substitution_qwen2.5-coder:7b_20260210_193228.json,0.0,0.0,0.0,0.0,,0.0,,,,,,,,,0.0,0.0,,,,,,,,,,,,,,,,,
2026-02-10 19:32:30,coarse,nl,reodering,qwen2.5-coder:7b,4,0.0,0.0,0.0,0.0,coarse_nl_reodering_qwen2.5-coder:7b_20260210_193229.json,0.0,0.0,0.0,0.0,,0.0,,,,,,,,,0.0,0.0,,,,,,,,,,,,,,,,,
2026-02-10 19:32:32,coarse,nl,sentence_reordering,qwen2.5-coder:7b,4,0.25,0.125,0.1667,0.0833,coarse_nl_sentence_reordering_qwen2.5-coder:7b_20260210_193230.json,0.5,0.0,0.0,0.0,,0.0,,,,,,,,,0.0,0.0,,,,,,,,,,,,,,,,,
2026-02-10 19:32:32,coarse,nl,backtrans_ch,qwen2.5-coder:7b,4,0.25,0.125,0.1667,0.1111,coarse_nl_backtrans_ch_qwen2.5-coder:7b_20260210_193230.json,0.0,0.6667,0.0,0.0,,0.0,,,,,,,,,0.0,0.0,,,,,,,,,,,,,,,,,
2026-02-10 19:32:34,coarse,nl,backtrans_sp,qwen2.5-coder:7b,4,0.25,0.125,0.1667,0.0833,coarse_nl_backtrans_sp_qwen2.5-coder:7b_20260210_193232.json,0.5,0.0,0.0,0.0,,0.0,,,,,,,,,0.0,0.0,,,,,,,,,,,,,,,,,
2026-02-10 19:32:34,coarse,nl,backtrans_tu,qwen2.5-coder:7b,4,0.5,0.375,0.4286,0.3611,coarse_nl_backtrans_tu_qwen2.5-coder:7b_20260210_193232.json,0.5,0.6667,1.0,0.0,,0.0,,,,,,,,,0.0,0.0,,,,,,,,,,,,,,,,,
2026-02-10 19:32:43,fine,pl,base,qwen2.5-coder:7b,4,0.1111,0.125,0.1176,0.0625,fine_pl_v0_original_qwen2.5-coder:7b_20260210_193234.json,,,,,,,0.0,0.0,0.5,0.0,0.0,,,0.0,,,,0.0,0.0,,0.0,,,0.0,,0.0,,,,,,,
2026-02-10 19:32:45,fine,pl,lexical_substitution,qwen2.5-coder:7b,4,0.0,0.0,0.0,0.0,fine_pl_lexical_substitution_qwen2.5-coder:7b_20260210_193234.json,,,,,,,0.0,0.0,0.0,0.0,,,,0.0,,,,0.0,0.0,,0.0,,,0.0,0.0,0.0,,,,,,,
2026-02-10 19:32:54,fine,pl,reodering,qwen2.5-coder:7b,4,0.3,0.375,0.3333,0.3333,fine_pl_reodering_qwen2.5-coder:7b_20260210_193243.json,,,,,,,0.6667,1.0,1.0,0.0,,,,0.0,,,0.0,0.0,0.0,,0.0,,,,,0.0,,,,0.0,0.0,,
2026-02-10 19:32:55,fine,pl,sentence_reordering,qwen2.5-coder:7b,4,0.1818,0.25,0.2105,0.2083,fine_pl_sentence_reordering_qwen2.5-coder:7b_20260210_193245.json,,,,,,,0.6667,0.0,1.0,0.0,0.0,,,0.0,,,,0.0,0.0,,0.0,,,0.0,,0.0,,,0.0,,,,
2026-02-10 19:33:04,fine,pl,backtrans_ch,qwen2.5-coder:7b,4,0.0,0.0,0.0,0.0,fine_pl_backtrans_ch_qwen2.5-coder:7b_20260210_193254.json,,,,,,,0.0,0.0,0.0,0.0,0.0,,,0.0,,,,0.0,0.0,,0.0,,,0.0,0.0,0.0,,,,,,,
2026-02-10 19:33:06,fine,pl,backtrans_sp,qwen2.5-coder:7b,4,0.1429,0.125,0.1333,0.125,fine_pl_backtrans_sp_qwen2.5-coder:7b_20260210_193255.json,,,,,,,0.0,0.0,1.0,0.0,,,,0.0,,,,0.0,0.0,,0.0,,,0.0,0.0,0.0,,,,,,,
2026-02-10 19:33:13,fine,pl,backtrans_tu,qwen2.5-coder:7b,4,0.0,0.0,0.0,0.0,fine_pl_backtrans_tu_qwen2.5-coder:7b_20260210_193304.json,,,,,,,0.0,0.0,0.0,0.0,0.0,,,0.0,,,,0.0,0.0,,0.0,,,0.0,0.0,0.0,,,,,,,
2026-02-10 19:33:14,fine,nl,base,qwen2.5-coder:7b,4,0.5,0.25,0.3333,0.25,fine_nl_v0_original_qwen2.5-coder:7b_20260210_193306.json,,,,,,,1.0,0.0,0.0,0.0,,,,0.0,,,,0.0,1.0,,0.0,,,0.0,,,,,,,,,
2026-02-10 19:33:21,fine,nl,lexical_substitution,qwen2.5-coder:7b,4,0.5,0.25,0.3333,0.25,fine_nl_lexical_substitution_qwen2.5-coder:7b_20260210_193313.json,,,,,,,1.0,0.0,0.0,0.0,,,,0.0,,,,0.0,1.0,,0.0,,,0.0,,,,,,,,,
2026-02-10 19:33:22,fine,nl,reodering,qwen2.5-coder:7b,4,0.2,0.125,0.1538,0.125,fine_nl_reodering_qwen2.5-coder:7b_20260210_193314.json,,,,,,,0.0,0.0,0.0,0.0,,,,0.0,,,,0.0,1.0,,0.0,,,0.0,,,,,0.0,,,0.0,
2026-02-10 19:33:29,fine,nl,sentence_reordering,qwen2.5-coder:7b,4,0.5,0.25,0.3333,0.25,fine_nl_sentence_reordering_qwen2.5-coder:7b_20260210_193321.json,,,,,,,1.0,0.0,0.0,0.0,,,,0.0,,,,0.0,1.0,,0.0,,,0.0,,,,,,,,,
2026-02-10 19:33:30,fine,nl,backtrans_ch,qwen2.5-coder:7b,4,0.5,0.375,0.4286,0.375,fine_nl_backtrans_ch_qwen2.5-coder:7b_20260210_193322.json,,,,,,,1.0,0.0,1.0,0.0,,0.0,,0.0,,,,0.0,1.0,,0.0,,,,,0.0,,,,,,,
2026-02-10 19:33:36,fine,nl,backtrans_sp,qwen2.5-coder:7b,4,0.0,0.0,0.0,0.0,fine_nl_backtrans_sp_qwen2.5-coder:7b_20260210_193329.json,,,,,,,0.0,0.0,0.0,0.0,,,,0.0,,,,0.0,0.0,,0.0,,,,,,,,,,,,
2026-02-10 19:33:37,fine,nl,backtrans_tu,qwen2.5-coder:7b,4,0.75,0.375,0.5,0.375,fine_nl_backtrans_tu_qwen2.5-coder:7b_20260210_193330.json,,,,,,,1.0,0.0,0.0,0.0,,,,0.0,,,,1.0,1.0,,0.0,,,0.0,,,,,,,,,
2026-02-10 19:35:39,coarse,pl,lexical_substitution,qwen2.5:7b,4,0.5714,0.5,0.5333,0.4111,coarse_pl_lexical_substitution_qwen2.5:7b_20260210_193535.json,0.8,0.0,0.6667,,,0.0,,,,,,,,,0.0,1.0,,,,,,,,,,,,,,,,,
2026-02-10 19:35:40,coarse,pl,base,qwen2.5:7b,4,0.4286,0.375,0.4,0.3,coarse_pl_v0_original_qwen2.5:7b_20260210_193535.json,0.8,0.0,0.0,0.0,,0.0,,,,,,,,,0.0,1.0,,,,,,,,,,,,,,,,,
2026-02-10 19:35:43,coarse,pl,reodering,qwen2.5:7b,4,0.4286,0.375,0.4,0.3,coarse_pl_reodering_qwen2.5:7b_20260210_193539.json,0.8,0.0,0.0,,0.0,0.0,,,,,,,,,0.0,1.0,,,,,,,,,,,,,,,,,
2026-02-10 19:35:44,coarse,pl,sentence_reordering,qwen2.5:7b,4,0.3333,0.25,0.2857,0.25,coarse_pl_sentence_reordering_qwen2.5:7b_20260210_193540.json,0.5,0.0,0.0,0.0,,0.0,,,,,,,,,0.0,1.0,,,,,,,,,,,,,,,,,
2026-02-10 19:35:48,coarse,pl,backtrans_ch,qwen2.5:7b,4,0.5,0.375,0.4286,0.3,coarse_pl_backtrans_ch_qwen2.5:7b_20260210_193543.json,0.8,0.0,0.0,,,0.0,,,,,,,,,0.0,1.0,,,,,,,,,,,,,,,,,
2026-02-10 19:35:48,coarse,pl,backtrans_sp,qwen2.5:7b,4,0.5714,0.5,0.5333,0.4111,coarse_pl_backtrans_sp_qwen2.5:7b_20260210_193544.json,0.8,0.0,0.6667,,,0.0,,,,,,,,,0.0,1.0,,,,,,,,,,,,,,,,,
2026-02-10 19:37:28,coarse,pl,base,qwen2.5-coder:7b,4,0.7143,0.625,0.6667,0.5,coarse_pl_v0_original_qwen2.5-coder:7b_20260210_193726.json,1.0,1.0,0.0,0.0,,0.0,,,,,,,,,0.0,1.0,,,,,,,,,,,,,,,,,
2026-02-10 19:37:28,coarse,pl,base,qwen2.5:7b,4,0.4286,0.375,0.4,0.3,coarse_pl_v0_original_qwen2.5:7b_20260210_193726.json,0.8,0.0,0.0,0.0,,0.0,,,,,,,,,0.0,1.0,,,,,,,,,,,,,,,,,
2026-02-10 19:37:30,coarse,pl,lexical_substitution,qwen2.5:7b,4,0.4286,0.375,0.4,0.3,coarse_pl_lexical_substitution_qwen2.5:7b_20260210_193728.json,0.8,0.0,0.0,,0.0,0.0,,,,,,,,,0.0,1.0,,,,,,,,,,,,,,,,,
2026-02-10 19:37:30,coarse,pl,lexical_substitution,qwen2.5-coder:7b,4,0.75,0.75,0.75,0.6667,coarse_pl_lexical_substitution_qwen2.5-coder:7b_20260210_193728.json,1.0,1.0,1.0,0.0,,0.0,,,,,,,,,0.0,1.0,,,,,,,,,,,,,,,,,
2026-02-10 19:37:31,coarse,pl,reodering,qwen2.5:7b,4,0.4286,0.375,0.4,0.3,coarse_pl_reodering_qwen2.5:7b_20260210_193730.json,0.8,0.0,0.0,,0.0,0.0,,,,,,,,,0.0,1.0,,,,,,,,,,,,,,,,,
2026-02-10 19:37:32,coarse,pl,reodering,qwen2.5-coder:7b,4,0.4444,0.5,0.4706,0.4111,coarse_pl_reodering_qwen2.5-coder:7b_20260210_193730.json,0.8,0.6667,0.0,0.0,,0.0,,,,,,,,,0.0,1.0,,,,,,,,,,,,,,,,,
2026-02-10 19:37:33,coarse,pl,sentence_reordering,qwen2.5:7b,4,0.3333,0.25,0.2857,0.25,coarse_pl_sentence_reordering_qwen2.5:7b_20260210_193732.json,0.5,0.0,0.0,0.0,,0.0,,,,,,,,,0.0,1.0,,,,,,,,,,,,,,,,,
2026-02-10 19:37:34,coarse,pl,sentence_reordering,qwen2.5-coder:7b,4,0.7143,0.625,0.6667,0.5,coarse_pl_sentence_reordering_qwen2.5-coder:7b_20260210_193732.json,1.0,1.0,0.0,0.0,,0.0,,,,,,,,,0.0,1.0,,,,,,,,,,,,,,,,,
2026-02-10 19:37:35,coarse,pl,backtrans_ch,qwen2.5:7b,4,0.5,0.375,0.4286,0.3,coarse_pl_backtrans_ch_qwen2.5:7b_20260210_193733.json,0.8,0.0,0.0,,,0.0,,,,,,,,,0.0,1.0,,,,,,,,,,,,,,,,,
2026-02-10 19:37:36,coarse,pl,backtrans_ch,qwen2.5-coder:7b,4,0.625,0.625,0.625,0.5,coarse_pl_backtrans_ch_qwen2.5-coder:7b_20260210_193734.json,1.0,1.0,0.0,0.0,,0.0,,,,,,,,,0.0,1.0,,,,,,,,,,,,,,,,,
2026-02-10 19:37:37,coarse,pl,backtrans_sp,qwen2.5:7b,4,0.5714,0.5,0.5333,0.4111,coarse_pl_backtrans_sp_qwen2.5:7b_20260210_193735.json,0.8,0.0,0.6667,,,0.0,,,,,,,,,0.0,1.0,,,,,,,,,,,,,,,,,
2026-02-10 19:37:38,coarse,pl,backtrans_sp,qwen2.5-coder:7b,4,0.625,0.625,0.625,0.5,coarse_pl_backtrans_sp_qwen2.5-coder:7b_20260210_193736.json,1.0,1.0,0.0,0.0,,0.0,,,,,,,,,0.0,1.0,,,,,,,,,,,,,,,,,
2026-02-10 19:37:39,coarse,pl,backtrans_tu,qwen2.5:7b,4,0.4286,0.375,0.4,0.3,coarse_pl_backtrans_tu_qwen2.5:7b_20260210_193737.json,0.8,0.0,0.0,0.0,,0.0,,,,,,,,,0.0,1.0,,,,,,,,,,,,,,,,,
2026-02-10 19:37:40,coarse,pl,backtrans_tu,qwen2.5-coder:7b,4,0.75,0.75,0.75,0.6667,coarse_pl_backtrans_tu_qwen2.5-coder:7b_20260210_193738.json,1.0,1.0,1.0,0.0,,0.0,,,,,,,,,0.0,1.0,,,,,,,,,,,,,,,,,
2026-02-10 19:37:40,coarse,nl,base,qwen2.5:7b,4,0.2,0.125,0.1538,0.1111,coarse_nl_v0_original_qwen2.5:7b_20260210_193739.json,0.6667,0.0,0.0,0.0,0.0,0.0,,,,,,,,,0.0,0.0,,,,,,,,,,,,,,,,,
2026-02-10 19:37:41,coarse,nl,base,qwen2.5-coder:7b,4,0.25,0.125,0.1667,0.0833,coarse_nl_v0_original_qwen2.5-coder:7b_20260210_193740.json,0.5,0.0,0.0,0.0,,0.0,,,,,,,,,0.0,0.0,,,,,,,,,,,,,,,,,
2026-02-10 19:37:42,coarse,nl,lexical_substitution,qwen2.5:7b,4,0.2,0.125,0.1538,0.1111,coarse_nl_lexical_substitution_qwen2.5:7b_20260210_193741.json,0.0,0.6667,0.0,,0.0,0.0,,,,,,,,,0.0,0.0,,,,,,,,,,,,,,,,,
2026-02-10 19:37:42,coarse,nl,lexical_substitution,qwen2.5-coder:7b,4,0.0,0.0,0.0,0.0,coarse_nl_lexical_substitution_qwen2.5-coder:7b_20260210_193741.json,0.0,0.0,0.0,0.0,,0.0,,,,,,,,,0.0,0.0,,,,,,,,,,,,,,,,,
2026-02-10 19:37:43,coarse,nl,reodering,qwen2.5-coder:7b,4,0.0,0.0,0.0,0.0,coarse_nl_reodering_qwen2.5-coder:7b_20260210_193742.json,0.0,0.0,0.0,0.0,,0.0,,,,,,,,,0.0,0.0,,,,,,,,,,,,,,,,,
2026-02-10 19:37:44,coarse,nl,reodering,qwen2.5:7b,4,0.1667,0.125,0.1429,0.1111,coarse_nl_reodering_qwen2.5:7b_20260210_193742.json,0.0,0.6667,0.0,0.0,,0.0,,,,,,,,,0.0,0.0,,,,,,,,,,,,,,,,,
2026-02-10 19:37:45,coarse,nl,sentence_reordering,qwen2.5-coder:7b,4,0.25,0.125,0.1667,0.0833,coarse_nl_sentence_reordering_qwen2.5-coder:7b_20260210_193744.json,0.5,0.0,0.0,0.0,,0.0,,,,,,,,,0.0,0.0,,,,,,,,,,,,,,,,,
2026-02-10 19:37:46,coarse,nl,sentence_reordering,qwen2.5:7b,4,0.2857,0.25,0.2667,0.2778,coarse_nl_sentence_reordering_qwen2.5:7b_20260210_193743.json,0.0,0.6667,0.0,0.0,0.0,0.0,,,,,,,,,0.0,1.0,,,,,,,,,,,,,,,,,
2026-02-10 19:37:47,coarse,nl,backtrans_ch,qwen2.5:7b,4,0.4,0.25,0.3077,0.2778,coarse_nl_backtrans_ch_qwen2.5:7b_20260210_193745.json,0.0,0.6667,0.0,0.0,,0.0,,,,,,,,,0.0,1.0,,,,,,,,,,,,,,,,,
2026-02-10 19:37:47,coarse,nl,backtrans_ch,qwen2.5-coder:7b,4,0.25,0.125,0.1667,0.1111,coarse_nl_backtrans_ch_qwen2.5-coder:7b_20260210_193746.json,0.0,0.6667,0.0,0.0,,0.0,,,,,,,,,0.0,0.0,,,,,,,,,,,,,,,,,
2026-02-10 19:37:48,coarse,nl,backtrans_sp,qwen2.5:7b,4,0.3333,0.125,0.1818,0.1111,coarse_nl_backtrans_sp_qwen2.5:7b_20260210_193747.json,0.0,0.6667,0.0,0.0,,0.0,,,,,,,,,0.0,0.0,,,,,,,,,,,,,,,,,
2026-02-10 19:37:48,coarse,nl,backtrans_sp,qwen2.5-coder:7b,4,0.25,0.125,0.1667,0.0833,coarse_nl_backtrans_sp_qwen2.5-coder:7b_20260210_193747.json,0.5,0.0,0.0,0.0,,0.0,,,,,,,,,0.0,0.0,,,,,,,,,,,,,,,,,
2026-02-10 19:37:49,coarse,nl,backtrans_tu,qwen2.5-coder:7b,4,0.5,0.375,0.4286,0.3611,coarse_nl_backtrans_tu_qwen2.5-coder:7b_20260210_193748.json,0.5,0.6667,1.0,0.0,,0.0,,,,,,,,,0.0,0.0,,,,,,,,,,,,,,,,,
2026-02-10 19:37:52,coarse,nl,backtrans_tu,qwen2.5:7b,4,0.0,0.0,0.0,0.0,coarse_nl_backtrans_tu_qwen2.5:7b_20260210_193748.json,0.0,0.0,0.0,0.0,0.0,0.0,,,,,,,,,0.0,0.0,,,,,,,,,,,,,,,,,
2026-02-10 19:37:55,fine,pl,base,qwen2.5:7b,4,0.25,0.125,0.1667,0.125,fine_pl_v0_original_qwen2.5:7b_20260210_193749.json,,,,,,,1.0,0.0,0.0,0.0,,,,0.0,,,0.0,0.0,0.0,,0.0,,,,,,,,,,,,
2026-02-10 19:37:58,fine,pl,base,qwen2.5-coder:7b,4,0.1111,0.125,0.1176,0.0625,fine_pl_v0_original_qwen2.5-coder:7b_20260210_193752.json,,,,,,,0.0,0.0,0.5,0.0,0.0,,,0.0,,,,0.0,0.0,,0.0,,,0.0,,0.0,,,,,,,
2026-02-10 19:38:00,fine,pl,lexical_substitution,qwen2.5:7b,4,0.3333,0.125,0.1818,0.0833,fine_pl_lexical_substitution_qwen2.5:7b_20260210_193755.json,,,,,,,0.6667,0.0,0.0,0.0,0.0,,,0.0,,,,0.0,0.0,,0.0,,,,,,,,,,,,
2026-02-10 19:38:04,fine,pl,lexical_substitution,qwen2.5-coder:7b,4,0.0,0.0,0.0,0.0,fine_pl_lexical_substitution_qwen2.5-coder:7b_20260210_193758.json,,,,,,,0.0,0.0,0.0,0.0,,,,0.0,,,,0.0,0.0,,0.0,,,0.0,0.0,0.0,,,,,,,
2026-02-10 19:38:05,fine,pl,reodering,qwen2.5:7b,4,0.5,0.25,0.3333,0.2083,fine_pl_reodering_qwen2.5:7b_20260210_193800.json,,,,,,,1.0,0.0,0.0,0.0,,,0.0,0.0,,,,0.0,0.6667,,0.0,,,,,,,,,,,,
2026-02-10 19:38:09,fine,pl,reodering,qwen2.5-coder:7b,4,0.3,0.375,0.3333,0.3333,fine_pl_reodering_qwen2.5-coder:7b_20260210_193804.json,,,,,,,0.6667,1.0,1.0,0.0,,,,0.0,,,0.0,0.0,0.0,,0.0,,,,,0.0,,,,0.0,0.0,,
2026-02-10 19:38:10,fine,pl,sentence_reordering,qwen2.5:7b,4,0.2,0.125,0.1538,0.125,fine_pl_sentence_reordering_qwen2.5:7b_20260210_193805.json,,,,,,,1.0,0.0,0.0,0.0,0.0,,,0.0,,,,0.0,0.0,,0.0,,0.0,,,,,,,,,,
2026-02-10 19:38:15,fine,pl,sentence_reordering,qwen2.5-coder:7b,4,0.1818,0.25,0.2105,0.2083,fine_pl_sentence_reordering_qwen2.5-coder:7b_20260210_193809.json,,,,,,,0.6667,0.0,1.0,0.0,0.0,,,0.0,,,,0.0,0.0,,0.0,,,0.0,,0.0,,,0.0,,,,
2026-02-10 19:38:16,fine,pl,backtrans_ch,qwen2.5:7b,4,0.25,0.125,0.1667,0.125,fine_pl_backtrans_ch_qwen2.5:7b_20260210_193810.json,,,,,,,1.0,0.0,0.0,0.0,,,,0.0,,,,0.0,0.0,,0.0,,,0.0,,,,,,,,,
2026-02-10 19:38:21,fine,pl,backtrans_ch,qwen2.5-coder:7b,4,0.0,0.0,0.0,0.0,fine_pl_backtrans_ch_qwen2.5-coder:7b_20260210_193815.json,,,,,,,0.0,0.0,0.0,0.0,0.0,,,0.0,,,,0.0,0.0,,0.0,,,0.0,0.0,0.0,,,,,,,
2026-02-10 19:38:21,fine,pl,backtrans_sp,qwen2.5:7b,4,0.1667,0.125,0.1429,0.125,fine_pl_backtrans_sp_qwen2.5:7b_20260210_193816.json,,,,,,,1.0,0.0,0.0,0.0,0.0,,,0.0,,,0.0,0.0,0.0,,0.0,,,,,,,,,,,,
2026-02-10 19:38:26,fine,pl,backtrans_sp,qwen2.5-coder:7b,4,0.1429,0.125,0.1333,0.125,fine_pl_backtrans_sp_qwen2.5-coder:7b_20260210_193821.json,,,,,,,0.0,0.0,1.0,0.0,,,,0.0,,,,0.0,0.0,,0.0,,,0.0,0.0,0.0,,,,,,,
2026-02-10 19:38:26,fine,pl,backtrans_tu,qwen2.5:7b,4,0.2,0.125,0.1538,0.125,fine_pl_backtrans_tu_qwen2.5:7b_20260210_193821.json,,,,,,,1.0,0.0,0.0,0.0,0.0,,,0.0,,,0.0,0.0,0.0,,0.0,,,,,,,,,,,,
2026-02-10 19:38:30,fine,nl,base,qwen2.5:7b,4,0.4,0.25,0.3077,0.25,fine_nl_v0_original_qwen2.5:7b_20260210_193826.json,,,,,,,1.0,0.0,0.0,0.0,,0.0,,0.0,,,,0.0,1.0,,0.0,,,0.0,,0.0,,,,,,,
2026-02-10 19:38:33,fine,pl,backtrans_tu,qwen2.5-coder:7b,4,0.0,0.0,0.0,0.0,fine_pl_backtrans_tu_qwen2.5-coder:7b_20260210_193826.json,,,,,,,0.0,0.0,0.0,0.0,0.0,,,0.0,,,,0.0,0.0,,0.0,,,0.0,0.0,0.0,,,,,,,
2026-02-10 19:38:34,fine,nl,base,qwen2.5-coder:7b,4,0.5,0.25,0.3333,0.25,fine_nl_v0_original_qwen2.5-coder:7b_20260210_193830.json,,,,,,,1.0,0.0,0.0,0.0,,,,0.0,,,,0.0,1.0,,0.0,,,0.0,,,,,,,,,
2026-02-10 19:38:36,fine,nl,lexical_substitution,qwen2.5-coder:7b,4,0.25,0.125,0.1667,0.125,fine_nl_lexical_substitution_qwen2.5-coder:7b_20260210_193834.json,,,,,,,1.0,0.0,0.0,0.0,,,,0.0,,,,0.0,0.0,,0.0,,,0.0,,,,,,,0.0,,
2026-02-10 19:38:36,fine,nl,lexical_substitution,qwen2.5:7b,4,0.4,0.25,0.3077,0.25,fine_nl_lexical_substitution_qwen2.5:7b_20260210_193833.json,,,,,,,1.0,0.0,0.0,0.0,,0.0,,0.0,,,,0.0,1.0,,0.0,,,0.0,,,0.0,,,,,,
2026-02-10 19:38:38,fine,nl,reodering,qwen2.5-coder:7b,4,0.2,0.125,0.1538,0.125,fine_nl_reodering_qwen2.5-coder:7b_20260210_193836.json,,,,,,,0.0,0.0,0.0,0.0,,,,0.0,,,,0.0,1.0,,0.0,,,0.0,,,,,0.0,,,0.0,
2026-02-10 19:38:47,fine,nl,reodering,qwen2.5:7b,4,0.0909,0.125,0.1053,0.125,fine_nl_reodering_qwen2.5:7b_20260210_193836.json,,,,,,,0.0,0.0,0.0,0.0,0.0,0.0,,0.0,,,,0.0,1.0,,0.0,,,0.0,,0.0,0.0,0.0,0.0,,,,
2026-02-10 19:38:48,fine,nl,sentence_reordering,qwen2.5:7b,4,0.4,0.25,0.3077,0.25,fine_nl_sentence_reordering_qwen2.5:7b_20260210_193838.json,,,,,,,1.0,0.0,0.0,0.0,,0.0,,0.0,,,,0.0,1.0,,0.0,,,0.0,,,0.0,,,,,,
2026-02-10 19:38:48,fine,nl,sentence_reordering,qwen2.5-coder:7b,4,0.5,0.25,0.3333,0.25,fine_nl_sentence_reordering_qwen2.5-coder:7b_20260210_193847.json,,,,,,,1.0,0.0,0.0,0.0,,,,0.0,,,,0.0,1.0,,0.0,,,0.0,,,,,,,,,
2026-02-10 19:38:51,fine,nl,backtrans_ch,qwen2.5:7b,4,0.2857,0.25,0.2667,0.25,fine_nl_backtrans_ch_qwen2.5:7b_20260210_193848.json,,,,,,,1.0,0.0,0.0,0.0,0.0,,0.0,0.0,,,,0.0,1.0,,0.0,,,,,0.0,,,,0.0,,,
2026-02-10 19:38:51,fine,nl,backtrans_ch,qwen2.5-coder:7b,4,0.5,0.375,0.4286,0.375,fine_nl_backtrans_ch_qwen2.5-coder:7b_20260210_193848.json,,,,,,,1.0,0.0,1.0,0.0,,0.0,,0.0,,,,0.0,1.0,,0.0,,,,,0.0,,,,,,,
2026-02-10 19:38:53,fine,nl,backtrans_sp,qwen2.5-coder:7b,4,0.0,0.0,0.0,0.0,fine_nl_backtrans_sp_qwen2.5-coder:7b_20260210_193851.json,,,,,,,0.0,0.0,0.0,0.0,,,,0.0,,,,0.0,0.0,,0.0,,,,,,,,,,,,
2026-02-10 19:39:01,fine,nl,backtrans_sp,qwen2.5:7b,4,0.0,0.0,0.0,0.0,fine_nl_backtrans_sp_qwen2.5:7b_20260210_193851.json,,,,,,,0.0,0.0,0.0,0.0,,,,0.0,,,,0.0,0.0,,0.0,,,,,,,,,,,,
2026-02-10 19:39:02,fine,nl,backtrans_tu,qwen2.5:7b,4,0.2,0.125,0.1538,0.125,fine_nl_backtrans_tu_qwen2.5:7b_20260210_193853.json,,,,,,,0.0,0.0,0.0,0.0,,,,0.0,,,0.0,0.0,1.0,,0.0,,0.0,0.0,,,,,,,,,
2026-02-10 19:39:02,fine,nl,backtrans_tu,qwen2.5-coder:7b,4,0.75,0.375,0.5,0.375,fine_nl_backtrans_tu_qwen2.5-coder:7b_20260210_193901.json,,,,,,,1.0,0.0,0.0,0.0,,,,0.0,,,,1.0,1.0,,0.0,,,0.0,,,,,,,,,
