datetime,granularity,style,variation,model,n_samples,precision,recall,micro_f1,macro_f1,f1_event,f1_product,f1_other,f1_location,f1_person,f1_art,f1_organization,f1_building,f1_organization-showorganization,f1_event-election,f1_building-theater,f1_building-sportsfacility,f1_location-other,f1_organization-sportsleague,f1_other-law,f1_location-GPE,f1_product-food,f1_product-game,f1_art-broadcastprogram,f1_other-chemicalthing,f1_product-airplane,f1_organization-education,f1_person-scholar,f1_organization-company,f1_location-mountain,f1_organization-religion,f1_person-soldier,f1_location-park,f1_art-writtenart,f1_other-biologything,f1_art-painting,f1_building-library,f1_organization-sportsteam,f1_art-other,f1_building-other,f1_organization-media/newspaper,f1_building-hospital,f1_building-hotel,f1_location-island,f1_art-film,f1_person-artist/author,f1_person-athlete,f1_other-educationaldegree,f1_product-ship,f1_other-currency,f1_location-bodiesofwater,f1_building-airport,f1_building-restaurant,f1_person-director,f1_other-disease,f1_event-disaster,f1_other-livingthing,f1_location-road/railway/highway/transit,f1_organization-other,f1_product-train,f1_other-astronomything,f1_person-politician,f1_person-other,f1_other-god,f1_other-medical,f1_organization-government/governmentagency,f1_organization-politicalparty,f1_event-protest,f1_event-sportsevent,f1_event-other,f1_product-software,f1_event-attack/battle/war/militaryconflict,f1_art-music,f1_product-other,f1_product-weapon,f1_other-award,f1_product-car,f1_other-language,f1_person-actor
2026-02-13 10:28:01,fine,nl,backtrans_tu,qwen2.5-coder:7b,3765,0.4113,0.2227,0.289,0.3059,,,,,,,,,0.0947,0.0,0.5882,0.425,0.1164,0.255,0.4156,0.2793,0.2667,0.3636,0.2857,0.1803,0.3333,0.5138,0.1846,0.2744,0.3776,0.25,0.1277,0.4098,0.2979,0.1818,0.7,0.6042,0.4579,0.0282,0.2921,0.2857,0.575,0.439,0.2909,0.4539,0.3148,0.5498,0.3556,0.25,0.2581,0.4235,0.4,0.3462,0.3366,0.3385,0.25,0.0484,0.4339,0.1286,0.2,0.3108,0.1662,0.2156,0.3429,0.1127,0.1696,0.3077,0.1356,0.3333,0.0469,0.2205,0.4431,0.4044,0.2113,0.25,0.4675,0.4842,0.4074,0.1753
2026-02-13 10:13:46,fine,nl,backtrans_tu,qwen2.5:7b,3765,0.3545,0.1262,0.1861,0.2139,,,,,,,,,0.0263,0.1143,0.3023,0.4776,0.1041,0.1692,0.3733,0.1177,0.2105,0.3333,0.1368,0.2837,0.2114,0.2836,0.0202,0.16,0.3269,0.2095,0.2045,0.2933,0.1961,0.1255,0.1111,0.4675,0.3515,0.017,0.157,0.1566,0.2909,0.359,0.2295,0.25,0.1615,0.2873,0.1633,0.1875,0.3455,0.3246,0.2571,0.2564,0.338,0.2419,0.3684,0.0423,0.32,0.1137,0.1944,0.2586,0.0842,0.2075,0.1395,0.0541,0.1262,0.3057,0.0513,0.1643,0.0367,0.1525,0.3827,0.2888,0.1095,0.1961,0.2647,0.2828,0.1474,0.1929
2026-02-13 09:36:49,fine,nl,backtrans_sp,qwen2.5-coder:7b,3765,0.0,0.0,0.0,0.0,,,,,,,,,0.0,0.0,0.0,0.0,0.0,0.0,0.0,0.0,0.0,0.0,0.0,0.0,0.0,0.0,0.0,0.0,0.0,0.0,0.0,0.0,0.0,0.0,0.0,0.0,0.0,0.0,0.0,0.0,0.0,0.0,0.0,0.0,0.0,0.0,0.0,0.0,0.0,0.0,0.0,0.0,0.0,0.0,0.0,0.0,0.0,0.0,0.0,0.0,0.0,0.0,0.0,0.0,0.0,0.0,0.0,0.0,0.0,0.0,0.0,0.0,0.0,0.0,0.0,0.0,0.0,0.0
2026-02-13 08:37:30,fine,nl,backtrans_sp,qwen2.5:7b,3765,0.3498,0.008,0.0156,0.02,,,,,,,,,0.0,0.0,0.0702,0.0,0.0131,0.0,0.0,0.0129,0.0,0.1463,0.0976,0.0,0.0,0.0,0.0,0.0104,0.0,0.0235,0.0,0.0,0.0,0.0,0.0,0.0,0.0275,0.0,0.0076,0.0155,0.0571,0.0952,0.1667,0.0652,0.0314,0.0,0.0,0.0,0.0,0.0299,0.0476,0.0,0.04,0.0,0.0,0.0,0.0108,0.0043,0.0,0.0,0.0075,0.0239,0.0,0.0345,0.0,0.0,0.0,0.011,0.0,0.0,0.043,0.0522,0.0,0.0,0.0404,0.1212,0.0,0.0117
2026-02-13 08:22:57,fine,nl,backtrans_ch,qwen2.5-coder:7b,3765,0.4,0.2607,0.3157,0.2988,,,,,,,,,0.1091,0.0,0.64,0.4396,0.1556,0.38,0.45,0.3816,0.16,0.4324,0.1692,0.1653,0.3333,0.5437,0.1359,0.3558,0.4341,0.1553,0.0917,0.4324,0.2297,0.22,0.2857,0.5349,0.5219,0.0161,0.3032,0.356,0.5682,0.4651,0.3736,0.3804,0.4066,0.5927,0.275,0.26,0.2653,0.438,0.4593,0.3673,0.422,0.2941,0.3333,0.0,0.3551,0.1724,0.2857,0.2169,0.087,0.2561,0.1892,0.1918,0.2576,0.407,0.1961,0.198,0.065,0.1416,0.3893,0.2299,0.1777,0.1609,0.4103,0.4554,0.3238,0.2188
2026-02-13 07:33:34,fine,nl,backtrans_ch,qwen2.5:7b,3765,0.423,0.259,0.3213,0.2837,,,,,,,,,0.0513,0.2,0.6095,0.5641,0.1296,0.3103,0.4416,0.3982,0.5357,0.3784,0.08,0.087,0.3922,0.4746,0.0449,0.4871,0.3471,0.233,0.0588,0.4783,0.0921,0.1812,0.0,0.5806,0.4781,0.0,0.2729,0.4039,0.3279,0.4545,0.4524,0.1452,0.2805,0.4361,0.3333,0.0968,0.2718,0.4196,0.42,0.1667,0.5435,0.2791,0.4255,0.0,0.4965,0.1838,0.2933,0.2073,0.0903,0.3851,0.2571,0.0385,0.2936,0.3804,0.1509,0.1775,0.1046,0.1261,0.5087,0.0323,0.1309,0.1395,0.4,0.3738,0.1649,0.4274
2026-02-13 07:08:18,fine,nl,sentence_reordering,qwen2.5-coder:7b,3765,0.3947,0.1879,0.2546,0.2719,,,,,,,,,0.0513,0.0,0.5361,0.5,0.1272,0.2059,0.3429,0.2189,0.2727,0.4444,0.2794,0.192,0.3597,0.4437,0.1912,0.1926,0.3692,0.2581,0.1279,0.2991,0.2963,0.1329,0.6364,0.6,0.4352,0.0,0.2518,0.2873,0.4412,0.3636,0.2453,0.4342,0.3265,0.4805,0.1111,0.1067,0.2444,0.3839,0.3609,0.3333,0.321,0.2241,0.2,0.0561,0.3358,0.1076,0.1404,0.3636,0.1582,0.19,0.1667,0.1681,0.2018,0.3268,0.1455,0.2955,0.0752,0.2205,0.4076,0.339,0.1721,0.2,0.3566,0.3871,0.3107,0.1951
2026-02-13 06:23:12,fine,nl,sentence_reordering,qwen2.5:7b,3765,0.3633,0.161,0.2231,0.2313,,,,,,,,,0.1132,0.1053,0.4124,0.4474,0.1279,0.1752,0.3291,0.1853,0.2857,0.4615,0.1653,0.2436,0.189,0.3838,0.0404,0.1838,0.3509,0.2105,0.1923,0.4634,0.2807,0.1473,0.1111,0.4471,0.4055,0.0441,0.2318,0.2069,0.2857,0.25,0.1758,0.2835,0.2222,0.3393,0.1379,0.1562,0.3448,0.3116,0.2933,0.1818,0.3704,0.2362,0.3333,0.093,0.3333,0.1246,0.1795,0.2586,0.1607,0.2692,0.119,0.043,0.0591,0.2384,0.0435,0.1459,0.0458,0.1832,0.3699,0.2892,0.1467,0.2243,0.3022,0.2824,0.2449,0.25
2026-02-13 06:22:45,fine,nl,reodering,qwen2.5-coder:7b,3765,0.3825,0.1878,0.2519,0.2804,,,,,,,,,0.0571,0.0,0.5053,0.3636,0.1384,0.1944,0.4359,0.2032,0.2373,0.3544,0.3908,0.2266,0.3265,0.4054,0.2087,0.186,0.4062,0.2759,0.14,0.4158,0.1562,0.1135,0.6667,0.5952,0.4327,0.0,0.2286,0.3469,0.55,0.4082,0.3299,0.2679,0.3296,0.4422,0.3226,0.234,0.2435,0.3433,0.5432,0.2439,0.3797,0.3472,0.1728,0.0513,0.3746,0.1162,0.1818,0.4298,0.2149,0.1443,0.2368,0.0909,0.2353,0.2345,0.0896,0.241,0.0182,0.2069,0.35,0.3439,0.1304,0.1782,0.4286,0.3495,0.3729,0.3167
2026-02-13 05:14:45,fine,nl,reodering,qwen2.5:7b,3765,0.3352,0.1373,0.1949,0.1979,,,,,,,,,0.0,0.0714,0.3684,0.4242,0.1138,0.2027,0.3291,0.1777,0.2807,0.2097,0.1356,0.1846,0.2236,0.2701,0.0417,0.196,0.2857,0.2261,0.1569,0.3953,0.0708,0.1163,0.0,0.2727,0.272,0.0988,0.1534,0.2471,0.3396,0.3429,0.25,0.2353,0.2587,0.3711,0.0741,0.1928,0.3651,0.3905,0.3158,0.125,0.381,0.2481,0.05,0.0,0.249,0.1361,0.1515,0.2283,0.1486,0.1727,0.1556,0.0,0.0905,0.2368,0.0,0.1044,0.0,0.1101,0.3088,0.2029,0.1073,0.0714,0.2308,0.3125,0.2653,0.3154
2026-02-13 05:02:10,fine,nl,lexical_substitution,qwen2.5-coder:7b,3765,0.3856,0.1914,0.2558,0.2806,,,,,,,,,0.0141,0.0526,0.5686,0.5366,0.1008,0.1818,0.3636,0.2197,0.2927,0.4615,0.2836,0.2,0.4234,0.4156,0.1892,0.2009,0.3969,0.2881,0.1697,0.3107,0.2712,0.1497,0.5455,0.5625,0.3897,0.0,0.2681,0.2186,0.5278,0.3182,0.2692,0.4258,0.3168,0.4601,0.3684,0.1714,0.2316,0.3423,0.2614,0.3509,0.2857,0.2645,0.303,0.0645,0.3681,0.0994,0.2143,0.4186,0.1818,0.1881,0.125,0.155,0.2119,0.2449,0.0952,0.3106,0.1168,0.227,0.4483,0.3584,0.176,0.297,0.3688,0.3958,0.2913,0.1918
2026-02-13 04:28:36,fine,nl,lexical_substitution,qwen2.5:7b,3765,0.3629,0.1554,0.2176,0.2315,,,,,,,,,0.0828,0.0541,0.4091,0.4878,0.1271,0.2222,0.4471,0.182,0.2727,0.4058,0.127,0.2297,0.1833,0.3514,0.019,0.1748,0.3364,0.2342,0.1538,0.4471,0.2264,0.1613,0.0833,0.4,0.3474,0.0465,0.1873,0.2069,0.3607,0.3415,0.24,0.3256,0.1976,0.336,0.1569,0.2353,0.4167,0.3452,0.2857,0.2,0.4,0.2595,0.2745,0.0336,0.3158,0.1064,0.1905,0.2667,0.1375,0.2643,0.1333,0.0789,0.1073,0.2785,0.0385,0.1623,0.0342,0.1515,0.4125,0.2743,0.1353,0.1702,0.3235,0.2857,0.1875,0.2115
2026-02-13 03:15:47,fine,nl,v0_original,qwen2.5-coder:7b,3765,0.3797,0.1869,0.2505,0.2877,,,,,,,,,0.0274,0.0513,0.6038,0.4762,0.0841,0.1268,0.3784,0.1722,0.4074,0.4,0.3025,0.1368,0.3611,0.4437,0.2857,0.16,0.3411,0.2182,0.1049,0.3368,0.2051,0.1517,0.8,0.5957,0.4329,0.0,0.247,0.1687,0.4242,0.439,0.2772,0.4154,0.3551,0.4439,0.2162,0.2353,0.2791,0.4182,0.4615,0.3396,0.3596,0.2182,0.3077,0.065,0.4028,0.0992,0.2154,0.3942,0.2061,0.204,0.2769,0.1457,0.1914,0.2446,0.0889,0.2825,0.0597,0.2714,0.481,0.3333,0.1652,0.3762,0.352,0.4742,0.2526,0.1945
2026-02-13 02:46:14,fine,nl,v0_original,qwen2.5:7b,3765,0.3417,0.151,0.2094,0.2431,,,,,,,,,0.0595,0.2857,0.4211,0.5238,0.1087,0.2158,0.35,0.1137,0.3,0.4304,0.2292,0.2293,0.2537,0.3673,0.0183,0.1622,0.2679,0.1869,0.2095,0.3846,0.2048,0.2214,0.087,0.5116,0.4242,0.0226,0.1404,0.2391,0.3158,0.4571,0.2353,0.2951,0.2239,0.2075,0.2456,0.2899,0.375,0.3204,0.2432,0.4348,0.4,0.1391,0.25,0.0537,0.3407,0.1254,0.2025,0.2958,0.0993,0.2678,0.225,0.0706,0.1442,0.3289,0.0435,0.1224,0.0,0.2406,0.3784,0.3121,0.0957,0.2203,0.2837,0.3762,0.2364,0.1773
2026-02-13 01:55:11,fine,pl,backtrans_tu,qwen2.5-coder:7b,3765,0.2344,0.1974,0.2143,0.2465,,,,,,,,,0.0,0.2353,0.4,0.0488,0.0,0.1565,0.48,0.1979,0.4839,0.4957,0.0,0.2411,0.101,0.0,0.3188,0.0537,0.0267,0.2653,0.3256,0.4545,0.0,0.3529,0.0,0.6,0.2808,0.0,0.0,0.0,0.5373,0.5143,0.3273,0.4833,0.4972,0.591,0.0909,0.4038,0.3774,0.0,0.495,0.3,0.64,0.4322,0.2667,0.0,0.0,0.0,0.2687,0.0345,0.3716,0.4024,0.3077,0.0303,0.0,0.3576,0.0,0.011,0.0,0.5029,0.1456,0.129,0.0229,0.3462,0.5434,0.5636,0.4769,0.2819
2026-02-13 01:36:47,fine,pl,backtrans_tu,qwen2.5:7b,3765,0.2502,0.147,0.1852,0.1871,,,,,,,,,0.0,0.25,0.439,0.0,0.0,0.1071,0.2581,0.1989,0.44,0.5,0.0,0.019,0.1252,0.0094,0.0777,0.0621,0.0,0.1111,0.2439,0.2414,0.0,0.115,0.0,0.6753,0.1338,0.0,0.0,0.0,0.375,0.3333,0.0,0.4746,0.4826,0.5837,0.1026,0.3542,0.1628,0.0,0.5846,0.2424,0.4615,0.2407,0.16,0.0392,0.0,0.0128,0.2188,0.0251,0.2412,0.3175,0.2778,0.0952,0.0,0.1322,0.0909,0.0,0.022,0.0755,0.1268,0.3226,0.0578,0.3306,0.3791,0.5217,0.0732,0.4205
2026-02-13 00:42:21,fine,pl,backtrans_sp,qwen2.5-coder:7b,3765,0.2889,0.2544,0.2706,0.2558,,,,,,,,,0.0,0.4167,0.3544,0.0889,0.0,0.1983,0.4368,0.4695,0.4,0.5179,0.0,0.2676,0.1187,0.0,0.3008,0.0333,0.0267,0.2292,0.3256,0.4928,0.0,0.3636,0.0,0.5641,0.4205,0.0,0.0,0.0,0.5152,0.6111,0.339,0.4957,0.4954,0.6448,0.1569,0.4074,0.359,0.0,0.4752,0.3077,0.5435,0.4724,0.2222,0.0,0.0,0.0,0.2424,0.0355,0.3661,0.399,0.325,0.0,0.0,0.3484,0.0909,0.0,0.0,0.443,0.0833,0.1818,0.0335,0.4655,0.5294,0.531,0.4361,0.2996
2026-02-12 23:27:34,fine,pl,backtrans_sp,qwen2.5:7b,3765,0.2456,0.1249,0.1656,0.1687,,,,,,,,,0.0,0.1111,0.4,0.0,0.0,0.1356,0.1613,0.1475,0.3111,0.3889,0.0,0.0,0.122,0.0,0.101,0.0445,0.0,0.1111,0.2299,0.1786,0.0,0.0201,0.0,0.56,0.135,0.0,0.0,0.0,0.3265,0.3684,0.0,0.3077,0.4397,0.55,0.1333,0.3818,0.1928,0.0,0.5085,0.2424,0.4545,0.2906,0.087,0.0189,0.0,0.0043,0.25,0.0167,0.2934,0.2908,0.1846,0.0952,0.0,0.128,0.0,0.0,0.0217,0.0762,0.1295,0.3611,0.0329,0.2712,0.4575,0.4717,0.1895,0.4
2026-02-12 23:12:47,fine,pl,backtrans_ch,qwen2.5-coder:7b,3765,0.2512,0.2092,0.2283,0.2458,,,,,,,,,0.0,0.3,0.325,0.1364,0.0,0.2,0.4416,0.2655,0.5,0.56,0.0,0.2734,0.1102,0.0,0.3333,0.0489,0.0267,0.2316,0.2835,0.2456,0.0,0.3624,0.0,0.6,0.2939,0.0,0.0,0.0,0.5373,0.4828,0.3019,0.4071,0.5061,0.6505,0.0976,0.354,0.3784,0.0,0.5049,0.3077,0.5806,0.4118,0.2143,0.0,0.0,0.0,0.2456,0.0275,0.3881,0.4329,0.325,0.0308,0.0,0.3506,0.0,0.011,0.0,0.497,0.125,0.1688,0.033,0.4259,0.5412,0.5505,0.4651,0.3307
2026-02-12 22:17:11,fine,pl,backtrans_ch,qwen2.5:7b,3765,0.2324,0.1307,0.1673,0.1752,,,,,,,,,0.0,0.1053,0.4941,0.0,0.0068,0.1379,0.2973,0.1335,0.3913,0.3566,0.0,0.0,0.1213,0.0,0.0808,0.0583,0.0,0.1124,0.2316,0.2105,0.0,0.0995,0.0,0.5823,0.1364,0.0,0.0,0.0,0.4444,0.4118,0.0,0.3889,0.411,0.527,0.1,0.3304,0.2025,0.0,0.6154,0.1875,0.3548,0.2115,0.0833,0.1441,0.0,0.0086,0.2295,0.0175,0.2663,0.3043,0.274,0.093,0.0,0.1613,0.0,0.0,0.0217,0.1441,0.0645,0.443,0.0485,0.2222,0.2388,0.463,0.1364,0.4595
2026-02-12 21:59:51,fine,pl,sentence_reordering,qwen2.5-coder:7b,3765,0.2668,0.2062,0.2326,0.2214,,,,,,,,,0.0,0.2727,0.359,0.0488,0.0,0.1273,0.425,0.3953,0.3143,0.3289,0.0,0.259,0.105,0.0094,0.3248,0.0256,0.0779,0.2268,0.2857,0.4545,0.0,0.3327,0.0,0.557,0.0478,0.0,0.0,0.0,0.4262,0.3571,0.2813,0.3364,0.4642,0.6267,0.0889,0.4,0.3519,0.0,0.4545,0.1714,0.6222,0.4293,0.2222,0.0,0.0,0.0,0.2414,0.0396,0.2874,0.3388,0.2143,0.0702,0.0,0.2933,0.087,0.0,0.0,0.3951,0.2271,0.1625,0.0115,0.4762,0.4557,0.5138,0.3276,0.258
2026-02-12 20:43:55,fine,pl,sentence_reordering,qwen2.5:7b,3765,0.2524,0.2004,0.2234,0.2011,,,,,,,,,0.0,0.1538,0.5412,0.0,0.0,0.1951,0.3684,0.363,0.4444,0.3145,0.0,0.0678,0.181,0.0,0.1031,0.084,0.0267,0.202,0.1935,0.1154,0.0,0.3108,0.0,0.5676,0.0,0.0,0.0,0.0,0.5556,0.2667,0.1224,0.3571,0.44,0.6147,0.1739,0.4174,0.2917,0.0,0.6176,0.0667,0.3,0.254,0.16,0.064,0.0,0.0043,0.3171,0.0303,0.2698,0.3888,0.24,0.0909,0.0,0.129,0.0,0.0,0.0,0.2903,0.2292,0.3636,0.0593,0.3243,0.4941,0.5512,0.1942,0.3612
2026-02-12 19:50:36,fine,pl,reodering,qwen2.5-coder:7b,3765,0.2891,0.1888,0.2285,0.19,,,,,,,,,0.0,0.15,0.5965,0.4944,0.1317,0.1565,0.0702,0.4952,0.125,0.44,0.1923,0.0,0.0377,0.0,0.0,0.1621,0.3889,0.0241,0.037,0.5217,0.442,0.0,0.3333,0.6392,0.0,0.0098,0.1297,0.0,0.5,0.5556,0.4615,0.6826,0.0,0.0137,0.0,0.2258,0.029,0.4865,0.1662,0.3636,0.3729,0.0233,0.1639,0.0,0.5483,0.0,0.2162,0.0,0.0,0.0,0.0476,0.0,0.0,0.3544,0.2535,0.3777,0.0719,0.1322,0.2754,0.2558,0.0,0.0,0.2087,0.0606,0.0,0.1132
2026-02-12 19:18:07,fine,pl,reodering,qwen2.5:7b,3765,0.2903,0.145,0.1934,0.1778,,,,,,,,,0.0,0.186,0.5385,0.5753,0.0854,0.0917,0.0,0.4064,0.0645,0.3922,0.1442,0.0,0.0,0.0,0.0,0.1599,0.2796,0.0706,0.0,0.3514,0.366,0.0,0.6667,0.6747,0.0344,0.0242,0.169,0.0,0.5902,0.6061,0.3836,0.6164,0.0,0.0,0.0,0.2769,0.0606,0.1905,0.1581,0.3243,0.0,0.0,0.359,0.0,0.3445,0.0043,0.129,0.0,0.0296,0.0,0.186,0.0,0.0,0.084,0.0,0.2875,0.024,0.2478,0.2467,0.5604,0.0,0.1176,0.2241,0.2703,0.0267,0.1081
2026-02-12 18:40:55,fine,pl,lexical_substitution,qwen2.5-coder:7b,3765,0.2533,0.2101,0.2297,0.2324,,,,,,,,,0.0,0.4,0.3143,0.0465,0.0,0.1786,0.411,0.3506,0.2892,0.3889,0.0,0.255,0.1266,0.0,0.3167,0.0437,0.0267,0.2449,0.3188,0.4062,0.0,0.369,0.0,0.6341,0.0411,0.0,0.0,0.0,0.4706,0.4375,0.3103,0.4444,0.4655,0.624,0.0455,0.4,0.386,0.0,0.4174,0.3158,0.5806,0.4335,0.2759,0.0,0.0,0.0,0.2333,0.0322,0.3427,0.3963,0.2381,0.0845,0.0,0.3671,0.0,0.0,0.0,0.45,0.1042,0.1939,0.0109,0.4082,0.5765,0.5185,0.3065,0.307
2026-02-12 18:15:53,fine,pl,lexical_substitution,qwen2.5:7b,3765,0.2837,0.1425,0.1897,0.1781,,,,,,,,,0.0,0.2222,0.5319,0.0,0.0,0.1197,0.3939,0.2771,0.4,0.4078,0.0,0.0189,0.1378,0.0,0.1053,0.0508,0.0267,0.1748,0.2581,0.2069,0.0,0.0755,0.0,0.5479,0.007,0.0,0.0,0.0,0.5091,0.2857,0.0,0.4576,0.3859,0.5078,0.0476,0.3958,0.1519,0.0,0.4444,0.1935,0.1818,0.2364,0.087,0.055,0.0,0.0,0.3279,0.014,0.216,0.2875,0.2034,0.0889,0.0,0.1138,0.0,0.0,0.0,0.2393,0.1758,0.3846,0.0566,0.3505,0.4255,0.4078,0.1591,0.3987
2026-02-12 17:15:08,fine,pl,v0_original,qwen2.5-coder:7b,3765,0.273,0.2373,0.2539,0.2358,,,,,,,,,0.0,0.2727,0.4051,0.1333,0.0,0.1429,0.4941,0.4609,0.2651,0.3179,0.0,0.2483,0.1195,0.0,0.3382,0.0412,0.0526,0.2083,0.3231,0.4478,0.0,0.3393,0.0,0.5897,0.216,0.0,0.0,0.0,0.5143,0.4848,0.3,0.4107,0.4556,0.5788,0.0476,0.4242,0.3784,0.0,0.4587,0.2162,0.6809,0.4513,0.2581,0.0,0.0,0.0,0.2121,0.0349,0.3333,0.3841,0.3111,0.0833,0.0,0.3247,0.0,0.0,0.0,0.4444,0.0971,0.1333,0.0212,0.4078,0.5476,0.5143,0.3415,0.2936
2026-02-12 17:14:58,fine,pl,v0_original,qwen2.5:7b,3765,0.2593,0.1622,0.1996,0.193,,,,,,,,,0.0,0.3077,0.5275,0.0,0.0,0.0855,0.4267,0.2476,0.4706,0.3562,0.0,0.1552,0.1505,0.0,0.0962,0.0612,0.0267,0.1505,0.15,0.3,0.0,0.3253,0.0,0.4571,0.0475,0.0,0.0,0.0,0.5965,0.2963,0.0,0.243,0.4214,0.5996,0.0755,0.4112,0.2381,0.0,0.4571,0.069,0.3692,0.2373,0.087,0.0813,0.0,0.0,0.2778,0.0283,0.2659,0.3415,0.2121,0.0435,0.0,0.1129,0.0,0.0,0.0,0.3548,0.087,0.4129,0.0583,0.4174,0.4681,0.5517,0.2062,0.3739
2026-02-12 17:03:22,coarse,nl,backtrans_tu,qwen2.5-coder:7b,3765,0.465,0.1532,0.2305,0.2237,0.2921,0.1533,0.1351,0.2046,0.3329,0.1495,0.2103,0.3121,,,,,,,,,,,,,,,,,,,,,,,,,,,,,,,,,,,,,,,,,,,,,,,,,,,,,,,,,,,,,,,,,,
2026-02-12 16:57:53,coarse,nl,backtrans_tu,qwen2.5:7b,3765,0.4001,0.1192,0.1837,0.1586,0.2012,0.1242,0.0982,0.1434,0.2797,0.0745,0.2512,0.0966,,,,,,,,,,,,,,,,,,,,,,,,,,,,,,,,,,,,,,,,,,,,,,,,,,,,,,,,,,,,,,,,,,
2026-02-12 16:43:55,coarse,nl,backtrans_sp,qwen2.5-coder:7b,3765,0.4831,0.1403,0.2174,0.231,0.2815,0.1506,0.1478,0.1671,0.3071,0.3452,0.178,0.2707,,,,,,,,,,,,,,,,,,,,,,,,,,,,,,,,,,,,,,,,,,,,,,,,,,,,,,,,,,,,,,,,,,
2026-02-12 16:36:43,coarse,nl,backtrans_sp,qwen2.5:7b,3765,0.4161,0.1166,0.1822,0.1842,0.2457,0.1804,0.0813,0.1355,0.2509,0.2008,0.2068,0.1721,,,,,,,,,,,,,,,,,,,,,,,,,,,,,,,,,,,,,,,,,,,,,,,,,,,,,,,,,,,,,,,,,,
2026-02-12 16:15:17,coarse,nl,backtrans_ch,qwen2.5-coder:7b,3765,0.5347,0.1562,0.2418,0.2505,0.3315,0.1705,0.1518,0.1853,0.3434,0.3524,0.2207,0.2486,,,,,,,,,,,,,,,,,,,,,,,,,,,,,,,,,,,,,,,,,,,,,,,,,,,,,,,,,,,,,,,,,,
2026-02-12 15:59:49,coarse,nl,backtrans_ch,qwen2.5:7b,3765,0.5215,0.2059,0.2952,0.2897,0.3147,0.2354,0.1106,0.1865,0.4142,0.4276,0.3688,0.2596,,,,,,,,,,,,,,,,,,,,,,,,,,,,,,,,,,,,,,,,,,,,,,,,,,,,,,,,,,,,,,,,,,
2026-02-12 15:53:52,coarse,nl,sentence_reordering,qwen2.5-coder:7b,3765,0.4423,0.1135,0.1807,0.2026,0.2677,0.1489,0.1629,0.1426,0.2239,0.3086,0.1253,0.2408,,,,,,,,,,,,,,,,,,,,,,,,,,,,,,,,,,,,,,,,,,,,,,,,,,,,,,,,,,,,,,,,,,
2026-02-12 15:53:25,coarse,nl,sentence_reordering,qwen2.5:7b,3765,0.4243,0.1588,0.2312,0.2078,0.2274,0.2212,0.0975,0.181,0.349,0.1828,0.2869,0.1168,,,,,,,,,,,,,,,,,,,,,,,,,,,,,,,,,,,,,,,,,,,,,,,,,,,,,,,,,,,,,,,,,,
2026-02-12 15:34:52,coarse,nl,reodering,qwen2.5-coder:7b,3765,0.4268,0.1036,0.1667,0.1778,0.2882,0.133,0.1643,0.1096,0.2623,0.1822,0.0969,0.1857,,,,,,,,,,,,,,,,,,,,,,,,,,,,,,,,,,,,,,,,,,,,,,,,,,,,,,,,,,,,,,,,,,
2026-02-12 15:06:22,coarse,nl,reodering,qwen2.5:7b,3765,0.3699,0.1039,0.1623,0.1556,0.1976,0.1851,0.0861,0.1576,0.1829,0.0798,0.1907,0.1651,,,,,,,,,,,,,,,,,,,,,,,,,,,,,,,,,,,,,,,,,,,,,,,,,,,,,,,,,,,,,,,,,,
2026-02-12 15:06:20,coarse,nl,lexical_substitution,qwen2.5-coder:7b,3765,0.4433,0.1081,0.1738,0.2025,0.2702,0.1444,0.1389,0.1171,0.2299,0.3626,0.1114,0.2456,,,,,,,,,,,,,,,,,,,,,,,,,,,,,,,,,,,,,,,,,,,,,,,,,,,,,,,,,,,,,,,,,,
2026-02-12 14:44:46,coarse,nl,lexical_substitution,qwen2.5:7b,3765,0.4098,0.1531,0.2229,0.2026,0.2342,0.199,0.0933,0.1763,0.3325,0.195,0.2761,0.1147,,,,,,,,,,,,,,,,,,,,,,,,,,,,,,,,,,,,,,,,,,,,,,,,,,,,,,,,,,,,,,,,,,
2026-02-12 14:17:19,coarse,nl,v0_original,qwen2.5-coder:7b,3765,0.4564,0.1304,0.2028,0.2292,0.2984,0.1675,0.1853,0.1499,0.2613,0.3421,0.1343,0.2946,,,,,,,,,,,,,,,,,,,,,,,,,,,,,,,,,,,,,,,,,,,,,,,,,,,,,,,,,,,,,,,,,,
2026-02-12 14:16:47,coarse,nl,v0_original,qwen2.5:7b,3765,0.4291,0.1336,0.2038,0.2,0.2328,0.1473,0.141,0.1624,0.2668,0.2185,0.2439,0.187,,,,,,,,,,,,,,,,,,,,,,,,,,,,,,,,,,,,,,,,,,,,,,,,,,,,,,,,,,,,,,,,,,
2026-02-12 14:07:20,coarse,pl,backtrans_tu,qwen2.5-coder:7b,3765,0.5623,0.5095,0.5346,0.5068,0.4728,0.4008,0.2366,0.5672,0.7492,0.5768,0.5568,0.494,,,,,,,,,,,,,,,,,,,,,,,,,,,,,,,,,,,,,,,,,,,,,,,,,,,,,,,,,,,,,,,,,,
2026-02-12 12:54:16,coarse,pl,backtrans_tu,qwen2.5:7b,3765,0.5776,0.5308,0.5532,0.5166,0.4281,0.4614,0.2286,0.5921,0.7554,0.5794,0.5821,0.5061,,,,,,,,,,,,,,,,,,,,,,,,,,,,,,,,,,,,,,,,,,,,,,,,,,,,,,,,,,,,,,,,,,
2026-02-12 12:54:14,coarse,pl,backtrans_sp,qwen2.5-coder:7b,3765,0.551,0.5013,0.525,0.4968,0.4677,0.3893,0.2446,0.5616,0.7218,0.5589,0.5478,0.4823,,,,,,,,,,,,,,,,,,,,,,,,,,,,,,,,,,,,,,,,,,,,,,,,,,,,,,,,,,,,,,,,,,
2026-02-12 12:53:57,coarse,pl,backtrans_sp,qwen2.5:7b,3765,0.5853,0.5252,0.5536,0.5166,0.4336,0.463,0.2571,0.5824,0.742,0.5785,0.5817,0.4948,,,,,,,,,,,,,,,,,,,,,,,,,,,,,,,,,,,,,,,,,,,,,,,,,,,,,,,,,,,,,,,,,,
2026-02-12 12:53:49,coarse,pl,backtrans_ch,qwen2.5-coder:7b,3765,0.5309,0.4832,0.5059,0.4843,0.4358,0.3936,0.23,0.5162,0.7159,0.5707,0.5462,0.4662,,,,,,,,,,,,,,,,,,,,,,,,,,,,,,,,,,,,,,,,,,,,,,,,,,,,,,,,,,,,,,,,,,
2026-02-12 12:17:10,coarse,pl,backtrans_ch,qwen2.5:7b,3765,0.5782,0.4952,0.5335,0.5056,0.4307,0.466,0.2453,0.5449,0.7119,0.5674,0.5671,0.5114,,,,,,,,,,,,,,,,,,,,,,,,,,,,,,,,,,,,,,,,,,,,,,,,,,,,,,,,,,,,,,,,,,
2026-02-12 11:37:42,coarse,pl,sentence_reordering,qwen2.5-coder:7b,3765,0.5297,0.506,0.5176,0.5002,0.4456,0.3904,0.2403,0.5724,0.7034,0.6037,0.5388,0.5072,,,,,,,,,,,,,,,,,,,,,,,,,,,,,,,,,,,,,,,,,,,,,,,,,,,,,,,,,,,,,,,,,,
2026-02-12 11:37:41,coarse,pl,sentence_reordering,qwen2.5:7b,3765,0.5649,0.5224,0.5428,0.5122,0.4268,0.4256,0.2374,0.5957,0.7244,0.6251,0.5734,0.489,,,,,,,,,,,,,,,,,,,,,,,,,,,,,,,,,,,,,,,,,,,,,,,,,,,,,,,,,,,,,,,,,,
2026-02-12 10:19:10,coarse,pl,lexical_substitution,qwen2.5-coder:7b,3765,0.5214,0.5504,0.5355,0.5045,0.4237,0.3573,0.208,0.6024,0.7585,0.6235,0.5692,0.4935,,,,,,,,,,,,,,,,,,,,,,,,,,,,,,,,,,,,,,,,,,,,,,,,,,,,,,,,,,,,,,,,,,
2026-02-12 10:19:10,coarse,pl,lexical_substitution,qwen2.5:7b,3765,0.5776,0.5266,0.551,0.5082,0.4156,0.4419,0.2552,0.5911,0.7279,0.585,0.5803,0.4687,,,,,,,,,,,,,,,,,,,,,,,,,,,,,,,,,,,,,,,,,,,,,,,,,,,,,,,,,,,,,,,,,,
2026-02-12 10:19:10,coarse,pl,reodering,qwen2.5-coder:7b,3765,0.5274,0.5397,0.5335,0.5008,0.4264,0.4065,0.2111,0.5841,0.7893,0.5733,0.5565,0.4589,,,,,,,,,,,,,,,,,,,,,,,,,,,,,,,,,,,,,,,,,,,,,,,,,,,,,,,,,,,,,,,,,,
2026-02-12 10:19:10,coarse,pl,reodering,qwen2.5:7b,3765,0.6092,0.5344,0.5694,0.5366,0.4656,0.5112,0.2918,0.5829,0.7645,0.6209,0.5684,0.4878,,,,,,,,,,,,,,,,,,,,,,,,,,,,,,,,,,,,,,,,,,,,,,,,,,,,,,,,,,,,,,,,,,
2026-02-12 10:19:10,coarse,pl,v0_original,qwen2.5-coder:7b,3765,0.5458,0.5171,0.5311,0.5084,0.4637,0.3941,0.2388,0.5701,0.7409,0.6148,0.5538,0.4908,,,,,,,,,,,,,,,,,,,,,,,,,,,,,,,,,,,,,,,,,,,,,,,,,,,,,,,,,,,,,,,,,,
